-- phpMyAdmin SQL Dump
-- version 4.1.14
-- http://www.phpmyadmin.net
--
-- Host: 127.0.0.1
-- Generation Time: Dec 01, 2015 at 10:09 AM
-- Server version: 5.6.17
-- PHP Version: 5.5.12

SET SQL_MODE = "NO_AUTO_VALUE_ON_ZERO";
SET time_zone = "+00:00";


/*!40101 SET @OLD_CHARACTER_SET_CLIENT=@@CHARACTER_SET_CLIENT */;
/*!40101 SET @OLD_CHARACTER_SET_RESULTS=@@CHARACTER_SET_RESULTS */;
/*!40101 SET @OLD_COLLATION_CONNECTION=@@COLLATION_CONNECTION */;
/*!40101 SET NAMES utf8 */;

--
-- Database: `web`
--

-- --------------------------------------------------------

--
-- Table structure for table `admin`
--

CREATE TABLE IF NOT EXISTS `admin` (
  `User` varchar(50) NOT NULL DEFAULT '',
  `Password` varchar(10) NOT NULL DEFAULT '',
  PRIMARY KEY (`User`,`Password`)
) ENGINE=InnoDB DEFAULT CHARSET=latin1;

--
-- Dumping data for table `admin`
--

INSERT INTO `admin` (`User`, `Password`) VALUES
('admin', '123456');

-- --------------------------------------------------------

--
-- Table structure for table `binhluan`
--

CREATE TABLE IF NOT EXISTS `binhluan` (
  `idbinhluan` int(11) NOT NULL AUTO_INCREMENT,
  `Masanpham` int(11) NOT NULL,
  `noidung` text,
  `duyet` int(11) NOT NULL,
  PRIMARY KEY (`idbinhluan`)
) ENGINE=InnoDB  DEFAULT CHARSET=utf8 AUTO_INCREMENT=7 ;

--
-- Dumping data for table `binhluan`
--

INSERT INTO `binhluan` (`idbinhluan`, `Masanpham`, `noidung`, `duyet`) VALUES
(1, 12, 'sdas', 0),
(2, 111, 'dgsdg', 0),
(4, 32, '', 0),
(5, 32, '', 0),
(6, 111, 'l\r\n', 0);

-- --------------------------------------------------------

--
-- Table structure for table `chitietdonhang`
--

CREATE TABLE IF NOT EXISTS `chitietdonhang` (
  `MaHoaDon` varchar(20) CHARACTER SET utf8 DEFAULT NULL,
  `MaSanPham` int(11) NOT NULL AUTO_INCREMENT,
  `MaKhuyenMai` varchar(20) CHARACTER SET utf8 NOT NULL,
  `DonGia` int(11) DEFAULT NULL,
  `SoLuong` int(11) DEFAULT NULL,
  `Thanhtien` int(11) NOT NULL,
  `MaChiTiet` varchar(20) CHARACTER SET utf8 NOT NULL DEFAULT '',
  PRIMARY KEY (`MaChiTiet`),
  KEY `MaHoaDon` (`MaHoaDon`),
  KEY `MaSanPham` (`MaSanPham`),
  KEY `MaSanPham_2` (`MaSanPham`),
  KEY `MaHoaDon_2` (`MaHoaDon`),
  KEY `MaSanPham_3` (`MaSanPham`)
) ENGINE=InnoDB DEFAULT CHARSET=latin1 AUTO_INCREMENT=1 ;

-- --------------------------------------------------------

--
-- Table structure for table `danhmucsanpham`
--

CREATE TABLE IF NOT EXISTS `danhmucsanpham` (
  `idTen` varchar(20) CHARACTER SET utf8 NOT NULL,
  `TenDanhMuc` varchar(50) CHARACTER SET utf8mb4 DEFAULT NULL,
  PRIMARY KEY (`idTen`)
) ENGINE=InnoDB DEFAULT CHARSET=latin1;

--
-- Dumping data for table `danhmucsanpham`
--

INSERT INTO `danhmucsanpham` (`idTen`, `TenDanhMuc`) VALUES
('idDC', 'Dây Chuyền'),
('idDH', 'Đồng Hồ'),
('idHT', 'Hoa Tai'),
('idLC', 'Lắc Chân'),
('idLT', 'Lắc Tay'),
('idMDC', 'Mặt Dây Chuyền'),
('idNhan', 'Nhẫn');

-- --------------------------------------------------------

--
-- Table structure for table `donhang`
--

CREATE TABLE IF NOT EXISTS `donhang` (
  `MaHoaDon` varchar(20) CHARACTER SET utf8 NOT NULL DEFAULT '',
  `MaKH` varchar(20) CHARACTER SET utf8 DEFAULT NULL,
  `Tongtien` int(11) NOT NULL,
  `NgayDatHang` datetime NOT NULL,
  PRIMARY KEY (`MaHoaDon`),
  KEY `MaHoaDon` (`MaHoaDon`),
  KEY `MaKH` (`MaKH`)
) ENGINE=InnoDB DEFAULT CHARSET=latin1;

-- --------------------------------------------------------

--
-- Table structure for table `khachhang`
--

CREATE TABLE IF NOT EXISTS `khachhang` (
  `MaKH` varchar(20) CHARACTER SET utf8 NOT NULL DEFAULT '',
  `TenKh` varchar(50) CHARACTER SET utf8 NOT NULL,
  `DiaChi` varchar(100) CHARACTER SET utf8 DEFAULT NULL,
  `SoDienThoai` int(11) DEFAULT NULL,
  PRIMARY KEY (`MaKH`)
) ENGINE=InnoDB DEFAULT CHARSET=latin1;

-- --------------------------------------------------------

--
-- Table structure for table `khuyenmai`
--

CREATE TABLE IF NOT EXISTS `khuyenmai` (
  `MaSanPham` int(11) NOT NULL AUTO_INCREMENT,
  `MaKhuyenMai` varchar(20) CHARACTER SET utf8 NOT NULL DEFAULT '',
  `TenKhuyenMai` varchar(100) CHARACTER SET utf8 DEFAULT NULL,
  `SoLuong` int(11) NOT NULL,
  `Chitietkhuyenmai` text CHARACTER SET utf8 NOT NULL,
  `Ngaybatdau` datetime DEFAULT NULL,
  `NgayKetThuc` datetime DEFAULT NULL,
  PRIMARY KEY (`MaKhuyenMai`),
  KEY `MaSanPham` (`MaSanPham`),
  KEY `MaSanPham_2` (`MaSanPham`)
) ENGINE=InnoDB DEFAULT CHARSET=latin1 AUTO_INCREMENT=1 ;

-- --------------------------------------------------------

--
-- Table structure for table `loaisanpham`
--

CREATE TABLE IF NOT EXISTS `loaisanpham` (
  `MaLoai` varchar(20) CHARACTER SET utf8 NOT NULL DEFAULT '',
  `TenLoai` varchar(100) CHARACTER SET utf8 DEFAULT NULL,
  `idTen` varchar(20) CHARACTER SET utf8 NOT NULL,
  PRIMARY KEY (`MaLoai`),
  KEY `idTen` (`idTen`),
  KEY `idTen_2` (`idTen`),
  KEY `idTen_3` (`idTen`),
  KEY `idTen_4` (`idTen`),
  KEY `idTen_5` (`idTen`),
  KEY `idTen_6` (`idTen`),
  KEY `idTen_7` (`idTen`)
) ENGINE=InnoDB DEFAULT CHARSET=latin1;

--
-- Dumping data for table `loaisanpham`
--

INSERT INTO `loaisanpham` (`MaLoai`, `TenLoai`, `idTen`) VALUES
('1MLN1', 'Nhẫn Vàng', 'idNhan'),
('2MLN2', 'Nhẫn Bạc', 'idNhan'),
('3MLMDC1', 'Mặt dây chuyền vàng', 'idMDC'),
('4MLMDC2', 'Mặt dây chuyền bạc', 'idMDC'),
('5MLLT1', 'Lắc Tay Vàng', 'idLT'),
('6MLLT2', 'Lắc Tay Bạc', 'idLT'),
('7MLLC1', 'Lắc Chân Bạc', 'idLC'),
('8MLHT1', 'Hoa Tai Vàng', 'idHT'),
('9MLHT2', 'Hoa Tai Bạc', 'idHT'),
('MLDC1', 'Dây chuyền vàng', 'idDC'),
('MLDC2', 'Dây chuyền bạc', 'idDC'),
('MLDHBE', 'Đồng Hồ BESIDE', 'idDH'),
('MLDHBG', 'Đồng Hồ BABY-G', 'idDH'),
('MLDHEDI', 'Đồng Hồ EDIFICE', 'idDH'),
('MLDHGS', 'Đồng Hồ G-SHOCK', 'idDH'),
('MLDHPRO', 'Đồng Hồ PROTREK', 'idDH'),
('MLDHPT', 'Đồng Hồ POPTONE', 'idDH'),
('MLDHSH', 'Đồng Hồ SHEEN', 'idDH'),
('MLDHSTA', 'Đồng Hồ STANDARD', 'idDH');

-- --------------------------------------------------------

--
-- Table structure for table `loaitin`
--

CREATE TABLE IF NOT EXISTS `loaitin` (
  `idLoaiTin` varchar(20) CHARACTER SET utf8 NOT NULL,
  `tenLoaiTin` varchar(20) CHARACTER SET utf8 NOT NULL,
  PRIMARY KEY (`idLoaiTin`),
  KEY `idLoaiTin` (`idLoaiTin`)
) ENGINE=InnoDB DEFAULT CHARSET=latin1;

--
-- Dumping data for table `loaitin`
--

INSERT INTO `loaitin` (`idLoaiTin`, `tenLoaiTin`) VALUES
('KM', 'Tin Khuyến Mãi'),
('Space', 'Tin Tức SPACE'),
('TT', 'Tin Thị Trường');

-- --------------------------------------------------------

--
-- Table structure for table `nhacungcap`
--

CREATE TABLE IF NOT EXISTS `nhacungcap` (
  `MaNCC` varchar(20) CHARACTER SET utf8 NOT NULL DEFAULT '',
  `TenNCC` varchar(100) CHARACTER SET utf8 DEFAULT NULL,
  `LienHe` int(11) DEFAULT NULL,
  PRIMARY KEY (`MaNCC`)
) ENGINE=InnoDB DEFAULT CHARSET=latin1;

--
-- Dumping data for table `nhacungcap`
--

INSERT INTO `nhacungcap` (`MaNCC`, `TenNCC`, `LienHe`) VALUES
('BTN', 'Cong Ty TNHH BAC TUAN NGOC', 462886288),
('BTP', 'Doanh Nghiep Bac Thanh PHat', 463288988),
('DHAK', 'Cong Ty TNHH An Khanh', 839699335),
('VBBT', 'Cong Ty Co Phan Vang Bac Da Quy Ben Thanh', 838220953),
('VBNT', 'Vang bac da quy Ngoc Tham', 733872838),
('VBSG', 'Cong Ty Vang Bac Da Quy SAi Gon', 839144056);

-- --------------------------------------------------------

--
-- Table structure for table `sanpham`
--

CREATE TABLE IF NOT EXISTS `sanpham` (
  `Masanpham` int(11) NOT NULL AUTO_INCREMENT,
  `Tensanpham` varchar(50) DEFAULT NULL,
  `Dongia` int(11) NOT NULL,
  `Hinhanh` text,
  `MaLoai` varchar(20) NOT NULL,
  `MaNCC` varchar(20) NOT NULL,
  `chitiet` text NOT NULL,
  PRIMARY KEY (`Masanpham`),
  KEY `MaLoai` (`MaLoai`),
  KEY `MaNCC` (`MaNCC`)
) ENGINE=InnoDB  DEFAULT CHARSET=utf8 AUTO_INCREMENT=197 ;

--
-- Dumping data for table `sanpham`
--

INSERT INTO `sanpham` (`Masanpham`, `Tensanpham`, `Dongia`, `Hinhanh`, `MaLoai`, `MaNCC`, `chitiet`) VALUES
(1, 'Đồng Hồ Beside:BEL-100SG-7AVDF', 1868, 'images/Pictures/DH/DongHo/Beside/BEL-100SG-7AVDF(1.868.000).jpeg', 'MLDHBE', 'DHAK', '<p>LONG BATTERY LIFE (Tuổi thọ pin):Pin kéo dài ít nhất 3 năm. Con số cho biết tuổi thọ pin thực tế.</p>\r\n<p>WATER RESISTANT (Chống nước): Chữ BAR cho biết số đơn vi áp suất mà tính năng chống nước của đồng hồ có thể chịu được. 5 Bar nghĩa là có thể chống nước tới 5 đơn vị áp suất <=>(50m) .</p>\r\n<p>SPHERICHAL GLASS (Kính lồi):Bề mặt kính được gọt tròn.</p>\r\n<p>SOLID BAND (Dây đồng nhất).</p>\r\n<p>ONE-TOUCH 3-FOLD BUCKLE (1 lần nhấn, khóa 3 lần).</p>'),
(2, 'Đồng hồ Baby-G:BA-110FL-3ADR', 4545, 'images/Pictures/DH/DongHo/Baby-G/BA-110FL-3ADR(4.545.000).png', 'MLDHBG', 'DHAK', '<p>Mặt kính khoáng.</p>\r\n<p>Chống va đập.</p>\r\n<p>Khả năng chống nước ở độ sâu 100 mét.</p>\r\n<p>Vật liệu vỏ / gờ: Nhựa.</p>\r\n<p>Dây đeo bằng nhựa.</p>'),
(5, 'Đồng hồ Protrek:PRG-270-2DR', 6255, 'images/Pictures/DH/DongHo/Protrek/PRG-270-2DR(6.255.000).png', 'MLDHPRO', 'DHAK', '<p>Gờ định hướng.</p>\r\n<p>Mặt kính khoáng.</p>\r\n<p>Chống nước ở độ sâu 200 mét.</p>\r\n<p>Vật liệu vỏ / gờ: Nhựa / Thép không gỉ.</p>\r\n<p>Dây đeo bằng nhựa.</p>'),
(6, 'Đồng hồ Poptone:LCF-20-1DR', 1463, 'images/Pictures/DH/DongHo/Poptone/LCF-20-1DR(1.463.000).jpeg', 'MLDHPT', 'DHAK', '<p>Mặt kính nhựa / Mặt kính hình cầu.</p>\r\n<p>Khả năng chống nước ở độ sâu 50 mét.</p>\r\n<p>Vật liệu vỏ / gờ: Nhựa / Thép không gỉ.</p>\r\n<p>Dây đeo bằng thép không gỉ.</p>\r\n<p>Chốt gập 3 chỉ với một lần bấm.</p>'),
(7, 'Đồng hồ Sheen:SHE-3023-4ADR', 5490, 'images/Pictures/DH/DongHo/Sheen/SHE-3023-4ADR(5.490.000).jpeg', 'MLDHSH', 'DHAK', '<p>Mặt kính saphia.</p>\r\n<p>Nắp sau khóa bằng vít.</p>\r\n<p>Khả năng chống nước ở độ sâu 50 mét.</p>\r\n<p>Vật liệu vỏ / gờ: Thép không gỉ.</p>\r\n<p>Chốt gập 3 chỉ với một lần bấm.</p>\r\n<p>Dây đeo bằng da thật.</p>'),
(11, 'Hoa tai Vàng 18k 1', 1254, 'images/Pictures/BT18k/GBD1YA47063.102(1.254.000).jpg', '8MLHT1', 'VBSG', '<p>Chất liệu vàng 18K, gắn đá. </p>\r\n<p>Giá bán mang tính chất tham khảo, phụ thuộc trọng lượng vàng và thuộc tính của đá. </p>\r\n<p>Sản phẩm khi Khách Hàng đặt mua sẽ được báo giá lại với size nhẫn tương ứng mà Khách Hàng chọn. </p>\r\n<p>Trường hợp không có size phù hợp sản phẩm sẽ được đặt hàng lại trong khoảng thời gian tối đa khoảng 2 tuần. </p>\r\n<p>Space.com sẽ lấy sản phẩm với giá bán thực tế tại cửa hàng tương ứng trọng lượng vàng cụ thể báo lại cho khách hàng và hưởng chính sách ưu đãi trên online.</p>'),
(12, 'Hoa Tai Vàng 18K 2', 1731, 'images/Pictures/BT18k/GBD1YA47081.102(1.731.000).jpg', '8MLHT1', 'VBSG', '<p>Chất liệu vàng 18K, gắn đá. </p>\r\n<p>Giá bán mang tính chất tham khảo, phụ thuộc trọng lượng vàng và thuộc tính của đá. </p>\r\n<p>Sản phẩm khi Khách Hàng đặt mua sẽ được báo giá lại với size nhẫn tương ứng mà Khách Hàng chọn. </p>\r\n<p>Trường hợp không có size phù hợp sản phẩm sẽ được đặt hàng lại trong khoảng thời gian tối đa khoảng 2 tuần. </p>\r\n<p>Space.com sẽ lấy sản phẩm với giá bán thực tế tại cửa hàng tương ứng trọng lượng vàng cụ thể báo lại cho khách hàng và hưởng chính sách ưu đãi trên online.</p>'),
(13, 'Hoa Tai Vàng 18K 3', 2936, 'images/Pictures/BT18k/GBD1YA47147.102(2.936.000).jpg', '8MLHT1', 'VBSG', '<p>Chất liệu vàng 18K, gắn đá. </p>\r\n<p>Giá bán mang tính chất tham khảo, phụ thuộc trọng lượng vàng và thuộc tính của đá. </p>\r\n<p>Sản phẩm khi Khách Hàng đặt mua sẽ được báo giá lại với size nhẫn tương ứng mà Khách Hàng chọn. </p>\r\n<p>Trường hợp không có size phù hợp sản phẩm sẽ được đặt hàng lại trong khoảng thời gian tối đa khoảng 2 tuần. </p>\r\n<p>Space.com sẽ lấy sản phẩm với giá bán thực tế tại cửa hàng tương ứng trọng lượng vàng cụ thể báo lại cho khách hàng và hưởng chính sách ưu đãi trên online.</p>'),
(14, 'Hoa Tai Vàng 18K 4', 1834, 'images/Pictures/BT18k/GBD1YA70338.102(1.834.000).jpg', '8MLHT1', 'VBSG', '<p>Chất liệu vàng 18K, gắn đá. </p>\r\n<p>Giá bán mang tính chất tham khảo, phụ thuộc trọng lượng vàng và thuộc tính của đá. </p>\r\n<p>Sản phẩm khi Khách Hàng đặt mua sẽ được báo giá lại với size nhẫn tương ứng mà Khách Hàng chọn. </p>\r\n<p>Trường hợp không có size phù hợp sản phẩm sẽ được đặt hàng lại trong khoảng thời gian tối đa khoảng 2 tuần. </p>\r\n<p>Space.com sẽ lấy sản phẩm với giá bán thực tế tại cửa hàng tương ứng trọng lượng vàng cụ thể báo lại cho khách hàng và hưởng chính sách ưu đãi trên online.</p>'),
(15, 'Hoa Tai Vàng 18K 5', 2052, 'images/Pictures/BT18k/GBD1YA70393.102(2.052.000).jpg', '8MLHT1', 'VBSG', '<p>Chất liệu vàng 18K, gắn đá. </p>\r\n<p>Giá bán mang tính chất tham khảo, phụ thuộc trọng lượng vàng và thuộc tính của đá. </p>\r\n<p>Sản phẩm khi Khách Hàng đặt mua sẽ được báo giá lại với size nhẫn tương ứng mà Khách Hàng chọn. </p>\r\n<p>Trường hợp không có size phù hợp sản phẩm sẽ được đặt hàng lại trong khoảng thời gian tối đa khoảng 2 tuần. </p>\r\n<p>Space.com sẽ lấy sản phẩm với giá bán thực tế tại cửa hàng tương ứng trọng lượng vàng cụ thể báo lại cho khách hàng và hưởng chính sách ưu đãi trên online.</p>'),
(16, 'Hoa Tai Vàng 18K 6', 2636, 'images/Pictures/BT18k/GBD1YA74260.102(2.636.000).jpg', '8MLHT1', 'VBSG', '<p>Chất liệu vàng 18K, gắn đá. </p>\r\n<p>Giá bán mang tính chất tham khảo, phụ thuộc trọng lượng vàng và thuộc tính của đá. </p>\r\n<p>Sản phẩm khi Khách Hàng đặt mua sẽ được báo giá lại với size nhẫn tương ứng mà Khách Hàng chọn. </p>\r\n<p>Trường hợp không có size phù hợp sản phẩm sẽ được đặt hàng lại trong khoảng thời gian tối đa khoảng 2 tuần. </p>\r\n<p>Space.com sẽ lấy sản phẩm với giá bán thực tế tại cửa hàng tương ứng trọng lượng vàng cụ thể báo lại cho khách hàng và hưởng chính sách ưu đãi trên online.</p>'),
(17, 'Hoa Tai Vàng 18k 7', 2329, 'images/Pictures/BT18k/GBD1YA74329.102(2.329.000).jpg', '8MLHT1', 'VBSG', '<p>Chất liệu vàng 18K, gắn đá. </p>\r\n<p>Giá bán mang tính chất tham khảo, phụ thuộc trọng lượng vàng và thuộc tính của đá. </p>\r\n<p>Sản phẩm khi Khách Hàng đặt mua sẽ được báo giá lại với size nhẫn tương ứng mà Khách Hàng chọn. </p>\r\n<p>Trường hợp không có size phù hợp sản phẩm sẽ được đặt hàng lại trong khoảng thời gian tối đa khoảng 2 tuần. </p>\r\n<p>Space.com sẽ lấy sản phẩm với giá bán thực tế tại cửa hàng tương ứng trọng lượng vàng cụ thể báo lại cho khách hàng và hưởng chính sách ưu đãi trên online.</p>'),
(18, 'Hoa Tai Vàng 18K 8', 2231, 'images/Pictures/BT18k/GBD1YA74581.102(2.231.000).jpg', '8MLHT1', 'VBSG', '<p>Chất liệu vàng 18K, gắn đá. </p>\r\n<p>Giá bán mang tính chất tham khảo, phụ thuộc trọng lượng vàng và thuộc tính của đá. </p>\r\n<p>Sản phẩm khi Khách Hàng đặt mua sẽ được báo giá lại với size nhẫn tương ứng mà Khách Hàng chọn. </p>\r\n<p>Trường hợp không có size phù hợp sản phẩm sẽ được đặt hàng lại trong khoảng thời gian tối đa khoảng 2 tuần. </p>\r\n<p>Space.com sẽ lấy sản phẩm với giá bán thực tế tại cửa hàng tương ứng trọng lượng vàng cụ thể báo lại cho khách hàng và hưởng chính sách ưu đãi trên online.</p>'),
(19, 'Hoa Tai Vàng 18K 9', 2447, 'images/Pictures/BT18k/GBD1YA74717.102(2.447.000).jpg', '8MLHT1', 'VBSG', '<p>Chất liệu vàng 18K, gắn đá. </p>\r\n<p>Giá bán mang tính chất tham khảo, phụ thuộc trọng lượng vàng và thuộc tính của đá. </p>\r\n<p>Sản phẩm khi Khách Hàng đặt mua sẽ được báo giá lại với size nhẫn tương ứng mà Khách Hàng chọn. </p>\r\n<p>Trường hợp không có size phù hợp sản phẩm sẽ được đặt hàng lại trong khoảng thời gian tối đa khoảng 2 tuần. </p>\r\n<p>Space.com sẽ lấy sản phẩm với giá bán thực tế tại cửa hàng tương ứng trọng lượng vàng cụ thể báo lại cho khách hàng và hưởng chính sách ưu đãi trên online.</p>'),
(20, 'Hoa Tai Vàng 18K 10', 3343, 'images/Pictures/BT18k/GBDRYA71441.102(3.343.000).jpg', '8MLHT1', 'VBSG', '<p>Chất liệu vàng 18K, gắn đá. </p>\r\n<p>Giá bán mang tính chất tham khảo, phụ thuộc trọng lượng vàng và thuộc tính của đá. </p>\r\n<p>Sản phẩm khi Khách Hàng đặt mua sẽ được báo giá lại với size nhẫn tương ứng mà Khách Hàng chọn. </p>\r\n<p>Trường hợp không có size phù hợp sản phẩm sẽ được đặt hàng lại trong khoảng thời gian tối đa khoảng 2 tuần. </p>\r\n<p>Space.com sẽ lấy sản phẩm với giá bán thực tế tại cửa hàng tương ứng trọng lượng vàng cụ thể báo lại cho khách hàng và hưởng chính sách ưu đãi trên online.</p>'),
(22, 'Dây chuyền vàng 18k 1', 3896, 'images/Pictures/DC18K/GDM1YKBC015.002(3.896.000).jpg', 'MLDC1', 'BTN', '<p>Chất liệu vàng 18K. </p>\r\n<p>Giá bán sản phẩm mang tính chất tham khảo, phụ thuộc trọng lượng vàng và thuộc tính của đá. </p>\r\n<p>Khi Đơn Hàng thành công, Space sẽ xác nhận và báo giá chính xác tương ứng trọng lượng vàng thực tế của sản phẩm hiện có. </p>\r\n<p>Space.com sẽ lấy sản phẩm với giá bán thực tế tại cửa hàng tương ứng trọng lượng vàng cụ thể báo lại cho khách hàng và hưởng chính sách ưu đãi trên online.</p>'),
(23, 'Dây chuyền vàng 18K 2', 5434, 'images/Pictures/DC18K/GDM1YKBC018.002(5.434.000).jpg', 'MLDC1', 'BTN', '<p>Chất liệu vàng 18K. </p>\r\n<p>Giá bán sản phẩm mang tính chất tham khảo, phụ thuộc trọng lượng vàng và thuộc tính của đá. </p>\r\n<p>Khi Đơn Hàng thành công, Space sẽ xác nhận và báo giá chính xác tương ứng trọng lượng vàng thực tế của sản phẩm hiện có. </p>\r\n<p>Space.com sẽ lấy sản phẩm với giá bán thực tế tại cửa hàng tương ứng trọng lượng vàng cụ thể báo lại cho khách hàng và hưởng chính sách ưu đãi trên online.</p>'),
(24, 'Dây chuyền vàng 18k 3', 2684, 'images/Pictures/DC18K/GDM1YKGD025.002(2.684.000).jpg', 'MLDC1', 'BTN', '<p>Chất liệu vàng 18K. </p>\r\n<p>Giá bán sản phẩm mang tính chất tham khảo, phụ thuộc trọng lượng vàng và thuộc tính của đá. </p>\r\n<p>Khi Đơn Hàng thành công, Space sẽ xác nhận và báo giá chính xác tương ứng trọng lượng vàng thực tế của sản phẩm hiện có. </p>\r\n<p>Space.com sẽ lấy sản phẩm với giá bán thực tế tại cửa hàng tương ứng trọng lượng vàng cụ thể báo lại cho khách hàng và hưởng chính sách ưu đãi trên online.</p>'),
(25, 'Dây chuyền vàng 18k 1', 5163, 'images/dcv2.jpg', 'MLDC1', 'VBBT', '<p>Chất liệu vàng 18K. </p>\r\n<p>Giá bán sản phẩm mang tính chất tham khảo, phụ thuộc trọng lượng vàng và thuộc tính của đá. </p>\r\n<p>Khi Đơn Hàng thành công, Space sẽ xác nhận và báo giá chính xác tương ứng trọng lượng vàng thực tế của sản phẩm hiện có. </p>\r\n<p>Space.com sẽ lấy sản phẩm với giá bán thực tế tại cửa hàng tương ứng trọng lượng vàng cụ thể báo lại cho khách hàng và hưởng chính sách ưu đãi trên online.</p>'),
(26, 'Dây chuyền vàng 18k 4', 5401, 'images/Pictures/DC18K/GDM1YKKV046.002(5.401.000).jpg', 'MLDC1', 'BTN', '<p>Chất liệu vàng 18K. </p>\r\n<p>Giá bán sản phẩm mang tính chất tham khảo, phụ thuộc trọng lượng vàng và thuộc tính của đá. </p>\r\n<p>Khi Đơn Hàng thành công, Space sẽ xác nhận và báo giá chính xác tương ứng trọng lượng vàng thực tế của sản phẩm hiện có. </p>\r\n<p>Space.com sẽ lấy sản phẩm với giá bán thực tế tại cửa hàng tương ứng trọng lượng vàng cụ thể báo lại cho khách hàng và hưởng chính sách ưu đãi trên online.</p>'),
(27, 'Dây chuyền vàng 18k 5', 2836, 'images/Pictures/DC18K/GDM1YKVB030.002(2.836.000).jpg', 'MLDC1', 'BTN', '<p>Chất liệu vàng 18K. </p>\r\n<p>Giá bán sản phẩm mang tính chất tham khảo, phụ thuộc trọng lượng vàng và thuộc tính của đá. </p>\r\n<p>Khi Đơn Hàng thành công, Space sẽ xác nhận và báo giá chính xác tương ứng trọng lượng vàng thực tế của sản phẩm hiện có. </p>\r\n<p>Space.com sẽ lấy sản phẩm với giá bán thực tế tại cửa hàng tương ứng trọng lượng vàng cụ thể báo lại cho khách hàng và hưởng chính sách ưu đãi trên online.</p>'),
(28, 'Dây chuyền vàng 18k 2', 2144, 'images/dcv1.jpg', 'MLDC1', 'VBBT', '<p>Chất liệu vàng 18K. </p>\r\n<p>Giá bán sản phẩm mang tính chất tham khảo, phụ thuộc trọng lượng vàng và thuộc tính của đá. </p>\r\n<p>Khi Đơn Hàng thành công, Space sẽ xác nhận và báo giá chính xác tương ứng trọng lượng vàng thực tế của sản phẩm hiện có. </p>\r\n<p>Space.com sẽ lấy sản phẩm với giá bán thực tế tại cửa hàng tương ứng trọng lượng vàng cụ thể báo lại cho khách hàng và hưởng chính sách ưu đãi trên online.</p>'),
(29, 'Dây chuyền vàng 18k 6', 8025, 'images/Pictures/DC18K/GDMRYKBC025.002(8.025.000).jpg', 'MLDC1', 'BTN', '<p>Chất liệu vàng 18K. </p>\r\n<p>Giá bán sản phẩm mang tính chất tham khảo, phụ thuộc trọng lượng vàng và thuộc tính của đá. </p>\r\n<p>Khi Đơn Hàng thành công, Space sẽ xác nhận và báo giá chính xác tương ứng trọng lượng vàng thực tế của sản phẩm hiện có. </p>\r\n<p>Space.com sẽ lấy sản phẩm với giá bán thực tế tại cửa hàng tương ứng trọng lượng vàng cụ thể báo lại cho khách hàng và hưởng chính sách ưu đãi trên online.</p>'),
(30, 'Dây chuyền vàng 18k 7', 9044, 'images/Pictures/DC18K/GDT1YKDO003.002(9.044.000).jpg', 'MLDC1', 'BTN', '<p>Chất liệu vàng 18K. </p>\r\n<p>Giá bán sản phẩm mang tính chất tham khảo, phụ thuộc trọng lượng vàng và thuộc tính của đá. </p>\r\n<p>Khi Đơn Hàng thành công, Space sẽ xác nhận và báo giá chính xác tương ứng trọng lượng vàng thực tế của sản phẩm hiện có. </p>\r\n<p>Space.com sẽ lấy sản phẩm với giá bán thực tế tại cửa hàng tương ứng trọng lượng vàng cụ thể báo lại cho khách hàng và hưởng chính sách ưu đãi trên online.</p>'),
(31, 'Dây chuyền vàng 18k 8', 3976, 'images/Pictures/DC18K/GDT1YKDT001.002(3.976.000).jpg', 'MLDC1', 'BTN', '<p>Chất liệu vàng 18K. </p>\r\n<p>Giá bán sản phẩm mang tính chất tham khảo, phụ thuộc trọng lượng vàng và thuộc tính của đá. </p>\r\n<p>Khi Đơn Hàng thành công, Space sẽ xác nhận và báo giá chính xác tương ứng trọng lượng vàng thực tế của sản phẩm hiện có. </p>\r\n<p>Space.com sẽ lấy sản phẩm với giá bán thực tế tại cửa hàng tương ứng trọng lượng vàng cụ thể báo lại cho khách hàng và hưởng chính sách ưu đãi trên online.</p>'),
(32, 'Lắc tay vàng 18k 3', 8776, 'images/Pictures/Lac18k/GLD1WA50913.102(8.776.000).jpg', '5MLLT1', 'VBSG', '<p>Chất liệu vàng 18K. </p>\r\n<p>Giá bán sản phẩm mang tính chất tham khảo, phụ thuộc trọng lượng vàng và thuộc tính của đá. </p>\r\n<p>Khi Đơn Hàng thành công, Space sẽ xác nhận và báo giá chính xác tương ứng trọng lượng vàng thực tế của sản phẩm hiện có. </p>\r\n<p>Space.com sẽ lấy sản phẩm với giá bán thực tế tại cửa hàng tương ứng trọng lượng vàng cụ thể báo lại cho khách hàng và hưởng chính sách ưu đãi trên online.</p>'),
(33, 'Lắc tay vàng 18k 4', 4784, 'images/Pictures/Lac18k/GLD1YA47144.102(4.784.000).jpg', '5MLLT1', 'VBSG', '<p>Chất liệu vàng 18K. </p>\r\n<p>Giá bán sản phẩm mang tính chất tham khảo, phụ thuộc trọng lượng vàng và thuộc tính của đá. </p>\r\n<p>Khi Đơn Hàng thành công, Space sẽ xác nhận và báo giá chính xác tương ứng trọng lượng vàng thực tế của sản phẩm hiện có. </p>\r\n<p>Space.com sẽ lấy sản phẩm với giá bán thực tế tại cửa hàng tương ứng trọng lượng vàng cụ thể báo lại cho khách hàng và hưởng chính sách ưu đãi trên online.</p>'),
(34, 'Lắc tay vàng 18k 5', 6633, 'images/Pictures/Lac18k/GLD1YA52502.102(6.633.000).jpg', '5MLLT1', 'VBSG', '<p>Chất liệu vàng 18K. </p>\r\n<p>Giá bán sản phẩm mang tính chất tham khảo, phụ thuộc trọng lượng vàng và thuộc tính của đá. </p>\r\n<p>Khi Đơn Hàng thành công, Space sẽ xác nhận và báo giá chính xác tương ứng trọng lượng vàng thực tế của sản phẩm hiện có. </p>\r\n<p>Space.com sẽ lấy sản phẩm với giá bán thực tế tại cửa hàng tương ứng trọng lượng vàng cụ thể báo lại cho khách hàng và hưởng chính sách ưu đãi trên online.</p>'),
(35, 'Lắc tay vàng 18k 6', 5587, 'images/Pictures/Lac18k/GLD1YA55298.102(5.587.000).jpg', '5MLLT1', 'VBSG', '<p>Chất liệu vàng 18K. </p>\r\n<p>Giá bán sản phẩm mang tính chất tham khảo, phụ thuộc trọng lượng vàng và thuộc tính của đá. </p>\r\n<p>Khi Đơn Hàng thành công, Space sẽ xác nhận và báo giá chính xác tương ứng trọng lượng vàng thực tế của sản phẩm hiện có. </p>\r\n<p>Space.com sẽ lấy sản phẩm với giá bán thực tế tại cửa hàng tương ứng trọng lượng vàng cụ thể báo lại cho khách hàng và hưởng chính sách ưu đãi trên online.</p>'),
(36, 'Lắc tay vàng 2', 9643, 'images/ltv1.jpg', '5MLLT1', 'VBSG', '<p>Chất liệu vàng 18K. </p>\r\n<p>Giá bán sản phẩm mang tính chất tham khảo, phụ thuộc trọng lượng vàng và thuộc tính của đá. </p>\r\n<p>Khi Đơn Hàng thành công, Space sẽ xác nhận và báo giá chính xác tương ứng trọng lượng vàng thực tế của sản phẩm hiện có. </p>\r\n<p>Space.com sẽ lấy sản phẩm với giá bán thực tế tại cửa hàng tương ứng trọng lượng vàng cụ thể báo lại cho khách hàng và hưởng chính sách ưu đãi trên online.</p>'),
(37, 'Lắc tay vàng 18k 7', 9236, 'images/Pictures/Lac18k/GLD1YA56910.102(9.236.000).jpg', '5MLLT1', 'VBSG', '<p>Chất liệu vàng 18K. </p>\r\n<p>Giá bán sản phẩm mang tính chất tham khảo, phụ thuộc trọng lượng vàng và thuộc tính của đá. </p>\r\n<p>Khi Đơn Hàng thành công, Space sẽ xác nhận và báo giá chính xác tương ứng trọng lượng vàng thực tế của sản phẩm hiện có. </p>\r\n<p>Space.com sẽ lấy sản phẩm với giá bán thực tế tại cửa hàng tương ứng trọng lượng vàng cụ thể báo lại cho khách hàng và hưởng chính sách ưu đãi trên online.</p>'),
(38, 'Lắc tay vàng 18k 8', 6526, 'images/Pictures/Lac18k/GLD1YA57731.102(6.526.000).jpg', '5MLLT1', 'VBSG', '<p>Chất liệu vàng 18K. </p>\r\n<p>Giá bán sản phẩm mang tính chất tham khảo, phụ thuộc trọng lượng vàng và thuộc tính của đá. </p>\r\n<p>Khi Đơn Hàng thành công, Space sẽ xác nhận và báo giá chính xác tương ứng trọng lượng vàng thực tế của sản phẩm hiện có. </p>\r\n<p>Space.com sẽ lấy sản phẩm với giá bán thực tế tại cửa hàng tương ứng trọng lượng vàng cụ thể báo lại cho khách hàng và hưởng chính sách ưu đãi trên online.</p>'),
(39, 'Lắc tay vàng 18k 9', 9411, 'images/Pictures/Lac18k/GLD1YA71439.102(9.411.000).jpg', '5MLLT1', 'VBSG', '<p>Chất liệu vàng 18K. </p>\r\n<p>Giá bán sản phẩm mang tính chất tham khảo, phụ thuộc trọng lượng vàng và thuộc tính của đá. </p>\r\n<p>Khi Đơn Hàng thành công, Space sẽ xác nhận và báo giá chính xác tương ứng trọng lượng vàng thực tế của sản phẩm hiện có. </p>\r\n<p>Space.com sẽ lấy sản phẩm với giá bán thực tế tại cửa hàng tương ứng trọng lượng vàng cụ thể báo lại cho khách hàng và hưởng chính sách ưu đãi trên online.</p>'),
(40, 'Lắc tay vàng 18k 10', 10849, 'images/Pictures/Lac18k/GLD1YA73683.102(10.849.000).jpg', '5MLLT1', 'VBSG', '<p>Chất liệu vàng 18K. </p>\r\n<p>Giá bán sản phẩm mang tính chất tham khảo, phụ thuộc trọng lượng vàng và thuộc tính của đá. </p>\r\n<p>Khi Đơn Hàng thành công, Space sẽ xác nhận và báo giá chính xác tương ứng trọng lượng vàng thực tế của sản phẩm hiện có. </p>\r\n<p>Space.com sẽ lấy sản phẩm với giá bán thực tế tại cửa hàng tương ứng trọng lượng vàng cụ thể báo lại cho khách hàng và hưởng chính sách ưu đãi trên online.</p>'),
(41, 'Lắc tay vàng 18k 11', 10393, 'images/Pictures/Lac18k/GLD1YA73684.102(10.393.000).jpg', '5MLLT1', 'VBSG', '<p>Chất liệu vàng 18K. </p>\r\n<p>Giá bán sản phẩm mang tính chất tham khảo, phụ thuộc trọng lượng vàng và thuộc tính của đá. </p>\r\n<p>Khi Đơn Hàng thành công, Space sẽ xác nhận và báo giá chính xác tương ứng trọng lượng vàng thực tế của sản phẩm hiện có. </p>\r\n<p>Space.com sẽ lấy sản phẩm với giá bán thực tế tại cửa hàng tương ứng trọng lượng vàng cụ thể báo lại cho khách hàng và hưởng chính sách ưu đãi trên online.</p>'),
(42, 'Lắc tay vàng 18k 12', 8771, 'images/Pictures/Lac18k/GLD1YA73686.102(8.771.000).jpg', '5MLLT1', 'VBSG', '<p>Chất liệu vàng 18K. </p>\r\n<p>Giá bán sản phẩm mang tính chất tham khảo, phụ thuộc trọng lượng vàng và thuộc tính của đá. </p>\r\n<p>Khi Đơn Hàng thành công, Space sẽ xác nhận và báo giá chính xác tương ứng trọng lượng vàng thực tế của sản phẩm hiện có. </p>\r\n<p>Space.com sẽ lấy sản phẩm với giá bán thực tế tại cửa hàng tương ứng trọng lượng vàng cụ thể báo lại cho khách hàng và hưởng chính sách ưu đãi trên online.</p>'),
(43, 'lắc tay vàng 1', 8357, 'images/ltv2.jpeg', '5MLLT1', 'VBBT', '<p>Chất liệu vàng 18K. </p>\r\n<p>Giá bán sản phẩm mang tính chất tham khảo, phụ thuộc trọng lượng vàng và thuộc tính của đá. </p>\r\n<p>Khi Đơn Hàng thành công, Space sẽ xác nhận và báo giá chính xác tương ứng trọng lượng vàng thực tế của sản phẩm hiện có. </p>\r\n<p>Space.com sẽ lấy sản phẩm với giá bán thực tế tại cửa hàng tương ứng trọng lượng vàng cụ thể báo lại cho khách hàng và hưởng chính sách ưu đãi trên online.</p>'),
(44, 'Mặt dây chuyền vàng 18k 1', 1680, 'images/Pictures/MDC18K/GMD1YA50005.102(1.680.000).jpg', '3MLMDC1', 'VBBT', '<p>Chất liệu vàng 18K, gắn đá. </p>\r\n<p>Giá bán mang tính chất tham khảo, phụ thuộc trọng lượng vàng và thuộc tính của đá. </p>\r\n<p>Sản phẩm khi Khách Hàng đặt mua sẽ được báo giá lại với size nhẫn tương ứng mà Khách Hàng chọn. </p>\r\n<p>Trường hợp không có size phù hợp sản phẩm sẽ được đặt hàng lại trong khoảng thời gian tối đa khoảng 2 tuần. </p>\r\n<p>Space.com sẽ lấy sản phẩm với giá bán thực tế tại cửa hàng tương ứng trọng lượng vàng cụ thể báo lại cho khách hàng và hưởng chính sách ưu đãi trên online.</p>'),
(45, 'Mặt dây chuyền vàng 18k 2', 1584, 'images/Pictures/MDC18K/GMD1YA74194.102(1.584.000).jpg', '3MLMDC1', 'VBBT', '<p>Chất liệu vàng 18K, gắn đá. </p>\r\n<p>Giá bán mang tính chất tham khảo, phụ thuộc trọng lượng vàng và thuộc tính của đá. </p>\r\n<p>Sản phẩm khi Khách Hàng đặt mua sẽ được báo giá lại với size nhẫn tương ứng mà Khách Hàng chọn. </p>\r\n<p>Trường hợp không có size phù hợp sản phẩm sẽ được đặt hàng lại trong khoảng thời gian tối đa khoảng 2 tuần. </p>\r\n<p>Space.com sẽ lấy sản phẩm với giá bán thực tế tại cửa hàng tương ứng trọng lượng vàng cụ thể báo lại cho khách hàng và hưởng chính sách ưu đãi trên online.</p>'),
(46, 'Mặt dây chuyền vàng 18k 3', 2196, 'images/Pictures/MDC18K/GMD1YA74258.102(2.196.000).jpg', '3MLMDC1', 'VBBT', '<p>Chất liệu vàng 18K, gắn đá. </p>\r\n<p>Giá bán mang tính chất tham khảo, phụ thuộc trọng lượng vàng và thuộc tính của đá. </p>\r\n<p>Sản phẩm khi Khách Hàng đặt mua sẽ được báo giá lại với size nhẫn tương ứng mà Khách Hàng chọn. </p>\r\n<p>Trường hợp không có size phù hợp sản phẩm sẽ được đặt hàng lại trong khoảng thời gian tối đa khoảng 2 tuần. </p>\r\n<p>Space.com sẽ lấy sản phẩm với giá bán thực tế tại cửa hàng tương ứng trọng lượng vàng cụ thể báo lại cho khách hàng và hưởng chính sách ưu đãi trên online.</p>'),
(47, 'Mặt dây chuyền vàng 18k 4', 1749, 'images/Pictures/MDC18K/GMD1YA74272.102(1.749.000).jpg', '3MLMDC1', 'VBBT', '<p>Chất liệu vàng 18K, gắn đá. </p>\r\n<p>Giá bán mang tính chất tham khảo, phụ thuộc trọng lượng vàng và thuộc tính của đá. </p>\r\n<p>Sản phẩm khi Khách Hàng đặt mua sẽ được báo giá lại với size nhẫn tương ứng mà Khách Hàng chọn. </p>\r\n<p>Trường hợp không có size phù hợp sản phẩm sẽ được đặt hàng lại trong khoảng thời gian tối đa khoảng 2 tuần. </p>\r\n<p>Space.com sẽ lấy sản phẩm với giá bán thực tế tại cửa hàng tương ứng trọng lượng vàng cụ thể báo lại cho khách hàng và hưởng chính sách ưu đãi trên online.</p>'),
(48, 'Mặt dây chuyền vàng 18k 4', 1679, 'images/Pictures/MDC18K/GMD1YA74577.102(1.679.000).jpg', '3MLMDC1', 'VBBT', '<p>Chất liệu vàng 18K, gắn đá. </p>\r\n<p>Giá bán mang tính chất tham khảo, phụ thuộc trọng lượng vàng và thuộc tính của đá. </p>\r\n<p>Sản phẩm khi Khách Hàng đặt mua sẽ được báo giá lại với size nhẫn tương ứng mà Khách Hàng chọn. </p>\r\n<p>Trường hợp không có size phù hợp sản phẩm sẽ được đặt hàng lại trong khoảng thời gian tối đa khoảng 2 tuần. </p>\r\n<p>Space.com sẽ lấy sản phẩm với giá bán thực tế tại cửa hàng tương ứng trọng lượng vàng cụ thể báo lại cho khách hàng và hưởng chính sách ưu đãi trên online.</p>'),
(49, 'Mặt dây chuyền vàng 18k 5', 2208, 'images/Pictures/MDC18K/GMD1YA74676.102(2.208.000).jpg ', '3MLMDC1', 'VBBT', '<p>Chất liệu vàng 18K, gắn đá. </p>\r\n<p>Giá bán mang tính chất tham khảo, phụ thuộc trọng lượng vàng và thuộc tính của đá. </p>\r\n<p>Sản phẩm khi Khách Hàng đặt mua sẽ được báo giá lại với size nhẫn tương ứng mà Khách Hàng chọn. </p>\r\n<p>Trường hợp không có size phù hợp sản phẩm sẽ được đặt hàng lại trong khoảng thời gian tối đa khoảng 2 tuần. </p>\r\n<p>Space.com sẽ lấy sản phẩm với giá bán thực tế tại cửa hàng tương ứng trọng lượng vàng cụ thể báo lại cho khách hàng và hưởng chính sách ưu đãi trên online.</p>'),
(50, 'Mặt dây chuyền vàng 18k 6', 1917, 'images/Pictures/MDC18K/GMD1YA74711.102(1.917.000).jpg', '3MLMDC1', 'VBBT', '<p>Chất liệu vàng 18K, gắn đá. </p>\r\n<p>Giá bán mang tính chất tham khảo, phụ thuộc trọng lượng vàng và thuộc tính của đá. </p>\r\n<p>Sản phẩm khi Khách Hàng đặt mua sẽ được báo giá lại với size nhẫn tương ứng mà Khách Hàng chọn. </p>\r\n<p>Trường hợp không có size phù hợp sản phẩm sẽ được đặt hàng lại trong khoảng thời gian tối đa khoảng 2 tuần. </p>\r\n<p>Space.com sẽ lấy sản phẩm với giá bán thực tế tại cửa hàng tương ứng trọng lượng vàng cụ thể báo lại cho khách hàng và hưởng chính sách ưu đãi trên online.</p>'),
(51, 'Mặt dây chuyền vàng 18k 7', 2488, 'images/Pictures/MDC18K/GMD1YA74716.102(2.488.000).jpg', '3MLMDC1', 'VBBT', '<p>Chất liệu vàng 18K, gắn đá. </p>\r\n<p>Giá bán mang tính chất tham khảo, phụ thuộc trọng lượng vàng và thuộc tính của đá. </p>\r\n<p>Sản phẩm khi Khách Hàng đặt mua sẽ được báo giá lại với size nhẫn tương ứng mà Khách Hàng chọn. </p>\r\n<p>Trường hợp không có size phù hợp sản phẩm sẽ được đặt hàng lại trong khoảng thời gian tối đa khoảng 2 tuần. </p>\r\n<p>Space.com sẽ lấy sản phẩm với giá bán thực tế tại cửa hàng tương ứng trọng lượng vàng cụ thể báo lại cho khách hàng và hưởng chính sách ưu đãi trên online.</p>'),
(52, 'Mặt dây chuyền vàng 18k 8', 1746, 'images/Pictures/MDC18K/GMD1YA74877.102(1.746.000).jpg', '3MLMDC1', 'VBBT', '<p>Chất liệu vàng 18K, gắn đá. </p>\r\n<p>Giá bán mang tính chất tham khảo, phụ thuộc trọng lượng vàng và thuộc tính của đá. </p>\r\n<p>Sản phẩm khi Khách Hàng đặt mua sẽ được báo giá lại với size nhẫn tương ứng mà Khách Hàng chọn. </p>\r\n<p>Trường hợp không có size phù hợp sản phẩm sẽ được đặt hàng lại trong khoảng thời gian tối đa khoảng 2 tuần. </p>\r\n<p>Space.com sẽ lấy sản phẩm với giá bán thực tế tại cửa hàng tương ứng trọng lượng vàng cụ thể báo lại cho khách hàng và hưởng chính sách ưu đãi trên online.</p>'),
(53, 'Mặt dây chuyền vàng 18k 9', 2584, 'images/Pictures/MDC18K/GMD1YA74939.102(2.584.000).jpg', '3MLMDC1', 'VBBT', '<p>Chất liệu vàng 18K, gắn đá. </p>\r\n<p>Giá bán mang tính chất tham khảo, phụ thuộc trọng lượng vàng và thuộc tính của đá. </p>\r\n<p>Sản phẩm khi Khách Hàng đặt mua sẽ được báo giá lại với size nhẫn tương ứng mà Khách Hàng chọn. </p>\r\n<p>Trường hợp không có size phù hợp sản phẩm sẽ được đặt hàng lại trong khoảng thời gian tối đa khoảng 2 tuần. </p>\r\n<p>Space.com sẽ lấy sản phẩm với giá bán thực tế tại cửa hàng tương ứng trọng lượng vàng cụ thể báo lại cho khách hàng và hưởng chính sách ưu đãi trên online.</p>'),
(54, 'Mặt dây chuyền vang 18k', 2564, 'images/Pictures/MatDayChuyen/GMD1YA75004.102(2.564.000).jpg', '3MLMDC1', 'VBBT', '<p>Chất liệu vàng 18K, gắn đá. </p>\r\n<p>Giá bán mang tính chất tham khảo, phụ thuộc trọng lượng vàng và thuộc tính của đá. </p>\r\n<p>Sản phẩm khi Khách Hàng đặt mua sẽ được báo giá lại với size nhẫn tương ứng mà Khách Hàng chọn. </p>\r\n<p>Trường hợp không có size phù hợp sản phẩm sẽ được đặt hàng lại trong khoảng thời gian tối đa khoảng 2 tuần. </p>\r\n<p>Space.com sẽ lấy sản phẩm với giá bán thực tế tại cửa hàng tương ứng trọng lượng vàng cụ thể báo lại cho khách hàng và hưởng chính sách ưu đãi trên online.</p>'),
(55, 'Nhẫn vàng 18k 1', 2072, 'images/Pictures/Nhan18k/GND1YA08004.102(2.072.000).jpg', '1MLN1', 'VBBT', '<p>Chất liệu vàng 18K, gắn đá. </p>\r\n<p>Giá bán mang tính chất tham khảo, phụ thuộc trọng lượng vàng và thuộc tính của đá. </p>\r\n<p>Sản phẩm khi Khách Hàng đặt mua sẽ được báo giá lại với size nhẫn tương ứng mà Khách Hàng chọn. </p>\r\n<p>Trường hợp không có size phù hợp sản phẩm sẽ được đặt hàng lại trong khoảng thời gian tối đa khoảng 2 tuần. </p>\r\n<p>Space.com sẽ lấy sản phẩm với giá bán thực tế tại cửa hàng tương ứng trọng lượng vàng cụ thể báo lại cho khách hàng và hưởng chính sách ưu đãi trên online.</p>'),
(56, 'Nhẫn vàng 18k 2', 3142, 'images/Pictures/Nhan18k/GND1YA47188.102(3.142.000).jpg', '1MLN1', 'VBBT', '<p>Chất liệu vàng 18K, gắn đá. </p>\r\n<p>Giá bán mang tính chất tham khảo, phụ thuộc trọng lượng vàng và thuộc tính của đá. </p>\r\n<p>Sản phẩm khi Khách Hàng đặt mua sẽ được báo giá lại với size nhẫn tương ứng mà Khách Hàng chọn. </p>\r\n<p>Trường hợp không có size phù hợp sản phẩm sẽ được đặt hàng lại trong khoảng thời gian tối đa khoảng 2 tuần. </p>\r\n<p>Space.com sẽ lấy sản phẩm với giá bán thực tế tại cửa hàng tương ứng trọng lượng vàng cụ thể báo lại cho khách hàng và hưởng chính sách ưu đãi trên online.</p>'),
(57, 'Nhẫn vàng 18k 3', 2730, 'images/Pictures/Nhan18k/GND1YA47223.102(2.730.000).jpg', '1MLN1', 'VBBT', '<p>Chất liệu vàng 18K, gắn đá. </p>\r\n<p>Giá bán mang tính chất tham khảo, phụ thuộc trọng lượng vàng và thuộc tính của đá. </p>\r\n<p>Sản phẩm khi Khách Hàng đặt mua sẽ được báo giá lại với size nhẫn tương ứng mà Khách Hàng chọn. </p>\r\n<p>Trường hợp không có size phù hợp sản phẩm sẽ được đặt hàng lại trong khoảng thời gian tối đa khoảng 2 tuần. </p>\r\n<p>Space.com sẽ lấy sản phẩm với giá bán thực tế tại cửa hàng tương ứng trọng lượng vàng cụ thể báo lại cho khách hàng và hưởng chính sách ưu đãi trên online.</p>'),
(58, 'Nhẫn vàng 18k 4', 3576, 'images/Pictures/Nhan18k/GND1YA55950.102(3.576.000).jpg', '1MLN1', 'VBBT', '<p>Chất liệu vàng 18K, gắn đá. </p>\r\n<p>Giá bán mang tính chất tham khảo, phụ thuộc trọng lượng vàng và thuộc tính của đá. </p>\r\n<p>Sản phẩm khi Khách Hàng đặt mua sẽ được báo giá lại với size nhẫn tương ứng mà Khách Hàng chọn. </p>\r\n<p>Trường hợp không có size phù hợp sản phẩm sẽ được đặt hàng lại trong khoảng thời gian tối đa khoảng 2 tuần. </p>\r\n<p>Space.com sẽ lấy sản phẩm với giá bán thực tế tại cửa hàng tương ứng trọng lượng vàng cụ thể báo lại cho khách hàng và hưởng chính sách ưu đãi trên online.</p>'),
(59, 'Nhẫn vàng 18k 5', 3309, 'images/Pictures/Nhan18k/GND1YA70491.102(3.309.000).jpg', '1MLN1', 'VBBT', '<p>Chất liệu vàng 18K, gắn đá. </p>\r\n<p>Giá bán mang tính chất tham khảo, phụ thuộc trọng lượng vàng và thuộc tính của đá. </p>\r\n<p>Sản phẩm khi Khách Hàng đặt mua sẽ được báo giá lại với size nhẫn tương ứng mà Khách Hàng chọn. </p>\r\n<p>Trường hợp không có size phù hợp sản phẩm sẽ được đặt hàng lại trong khoảng thời gian tối đa khoảng 2 tuần. </p>\r\n<p>Space.com sẽ lấy sản phẩm với giá bán thực tế tại cửa hàng tương ứng trọng lượng vàng cụ thể báo lại cho khách hàng và hưởng chính sách ưu đãi trên online.</p>'),
(60, 'Nhẫn vàng 18k 6', 2906, 'images/Pictures/Nhan18k/GND1YA71192.102(2.906.000).jpg', '1MLN1', 'VBBT', '<p>Chất liệu vàng 18K, gắn đá. </p>\r\n<p>Giá bán mang tính chất tham khảo, phụ thuộc trọng lượng vàng và thuộc tính của đá. </p>\r\n<p>Sản phẩm khi Khách Hàng đặt mua sẽ được báo giá lại với size nhẫn tương ứng mà Khách Hàng chọn. </p>\r\n<p>Trường hợp không có size phù hợp sản phẩm sẽ được đặt hàng lại trong khoảng thời gian tối đa khoảng 2 tuần. </p>\r\n<p>Space.com sẽ lấy sản phẩm với giá bán thực tế tại cửa hàng tương ứng trọng lượng vàng cụ thể báo lại cho khách hàng và hưởng chính sách ưu đãi trên online.</p>'),
(61, 'Nhẫn vàng 18k 7', 3312, 'images/Pictures/Nhan18k/GND1YA71440.102(3.312.000).jpg', '1MLN1', 'VBBT', '<p>Chất liệu vàng 18K, gắn đá. </p>\r\n<p>Giá bán mang tính chất tham khảo, phụ thuộc trọng lượng vàng và thuộc tính của đá. </p>\r\n<p>Sản phẩm khi Khách Hàng đặt mua sẽ được báo giá lại với size nhẫn tương ứng mà Khách Hàng chọn. </p>\r\n<p>Trường hợp không có size phù hợp sản phẩm sẽ được đặt hàng lại trong khoảng thời gian tối đa khoảng 2 tuần. </p>\r\n<p>Space.com sẽ lấy sản phẩm với giá bán thực tế tại cửa hàng tương ứng trọng lượng vàng cụ thể báo lại cho khách hàng và hưởng chính sách ưu đãi trên online.</p>'),
(62, 'Nhẫn vàng 18k 8', 2479, 'images/Pictures/Nhan18k/ND1YA74336.102(2.497.000).jpg', '1MLN1', 'VBBT', '<p>Chất liệu vàng 18K, gắn đá. </p>\r\n<p>Giá bán mang tính chất tham khảo, phụ thuộc trọng lượng vàng và thuộc tính của đá. </p>\r\n<p>Sản phẩm khi Khách Hàng đặt mua sẽ được báo giá lại với size nhẫn tương ứng mà Khách Hàng chọn. </p>\r\n<p>Trường hợp không có size phù hợp sản phẩm sẽ được đặt hàng lại trong khoảng thời gian tối đa khoảng 2 tuần. </p>\r\n<p>Space.com sẽ lấy sản phẩm với giá bán thực tế tại cửa hàng tương ứng trọng lượng vàng cụ thể báo lại cho khách hàng và hưởng chính sách ưu đãi trên online.</p>'),
(63, 'Nhẫn vàng 18k 9', 3098, 'images/Pictures/Nhan18k/GND1YA74953.102(3.098.000).jpg', '1MLN1', 'VBBT', '<p>Chất liệu vàng 18K, gắn đá. </p>\r\n<p>Giá bán mang tính chất tham khảo, phụ thuộc trọng lượng vàng và thuộc tính của đá. </p>\r\n<p>Sản phẩm khi Khách Hàng đặt mua sẽ được báo giá lại với size nhẫn tương ứng mà Khách Hàng chọn. </p>\r\n<p>Trường hợp không có size phù hợp sản phẩm sẽ được đặt hàng lại trong khoảng thời gian tối đa khoảng 2 tuần. </p>\r\n<p>Space.com sẽ lấy sản phẩm với giá bán thực tế tại cửa hàng tương ứng trọng lượng vàng cụ thể báo lại cho khách hàng và hưởng chính sách ưu đãi trên online.</p>'),
(64, 'Nhẫn vàng 18k 10', 2939, 'images/Pictures/Nhan18k/GND1YA75152.102(2.939.000).jpg', '1MLN1', 'VBBT', '<p>Chất liệu vàng 18K, gắn đá. </p>\r\n<p>Giá bán mang tính chất tham khảo, phụ thuộc trọng lượng vàng và thuộc tính của đá. </p>\r\n<p>Sản phẩm khi Khách Hàng đặt mua sẽ được báo giá lại với size nhẫn tương ứng mà Khách Hàng chọn. </p>\r\n<p>Trường hợp không có size phù hợp sản phẩm sẽ được đặt hàng lại trong khoảng thời gian tối đa khoảng 2 tuần. </p>\r\n<p>Space.com sẽ lấy sản phẩm với giá bán thực tế tại cửa hàng tương ứng trọng lượng vàng cụ thể báo lại cho khách hàng và hưởng chính sách ưu đãi trên online.</p>'),
(65, 'Nhẫn vàng 18k 11', 3724, 'images/Pictures/Nhan18k/GND1YN59288.102(3.724.000).jpg', '1MLN1', 'VBBT', '<p>Chất liệu vàng 18K, gắn đá. </p>\r\n<p>Giá bán mang tính chất tham khảo, phụ thuộc trọng lượng vàng và thuộc tính của đá. </p>\r\n<p>Sản phẩm khi Khách Hàng đặt mua sẽ được báo giá lại với size nhẫn tương ứng mà Khách Hàng chọn. </p>\r\n<p>Trường hợp không có size phù hợp sản phẩm sẽ được đặt hàng lại trong khoảng thời gian tối đa khoảng 2 tuần. </p>\r\n<p>Space.com sẽ lấy sản phẩm với giá bán thực tế tại cửa hàng tương ứng trọng lượng vàng cụ thể báo lại cho khách hàng và hưởng chính sách ưu đãi trên online.</p>'),
(66, 'Hoa Tai Bạc 1', 502, 'images/Pictures/BongTai/SBD2KN10593.400(502.000).jpg', '9MLHT2', 'VBNT', '<p>Chất liệu Bạc cao cấp, Có gắn đá.</p>\r\n<p>Cùng bước vào thế giới rực rỡ sắc màu "Thế giới nàng tỏa sáng". </p>\r\n<p>Hãy nắm bắt và khởi đầu phong cách để sẵn sàng làm mới bản thân trải nghiệm những quà tặng tuyệt vời từ cuộc sống.</p>'),
(67, 'Hoa Tai Bạc 2', 529, 'images/Pictures/BongTai/SBD2KN10597.400(529.000).jpg', '9MLHT2', 'VBNT', '<p>Chất liệu Bạc cao cấp, Có gắn đá.</p>\r\n<p>Cùng bước vào thế giới rực rỡ sắc màu "Thế giới nàng tỏa sáng". </p>\r\n<p>Hãy nắm bắt và khởi đầu phong cách để sẵn sàng làm mới bản thân trải nghiệm những quà tặng tuyệt vời từ cuộc sống.</p>'),
(68, 'Hoa Tai Bạc 3', 373, 'images/Pictures/BongTai/SBD2KN10988.100(373.000).jpg', '9MLHT2', 'VBNT', '<p>Chất liệu Bạc cao cấp, Có gắn đá.</p>\r\n<p>Cùng bước vào thế giới rực rỡ sắc màu "Thế giới nàng tỏa sáng". </p>\r\n<p>Hãy nắm bắt và khởi đầu phong cách để sẵn sàng làm mới bản thân trải nghiệm những quà tặng tuyệt vời từ cuộc sống.</p>'),
(69, 'Hoa Tai Bạc 8', 337, 'images/Pictures/BongTai/SBD2KN12111.100(337.000).jpg', '9MLHT2', 'VBNT', '<p>Chất liệu Bạc cao cấp, Có gắn đá.</p>\r\n<p>Cùng bước vào thế giới rực rỡ sắc màu "Thế giới nàng tỏa sáng". </p>\r\n<p>Hãy nắm bắt và khởi đầu phong cách để sẵn sàng làm mới bản thân trải nghiệm những quà tặng tuyệt vời từ cuộc sống.</p>'),
(70, 'Hoa Tai Bạc 9', 508, 'images/Pictures/BongTai/SBD2KN12111.407(508.000).jpg', '9MLHT2', 'VBNT', '<p>Chất liệu Bạc cao cấp, Có gắn đá.</p>\r\n<p>Cùng bước vào thế giới rực rỡ sắc màu "Thế giới nàng tỏa sáng". </p>\r\n<p>Hãy nắm bắt và khởi đầu phong cách để sẵn sàng làm mới bản thân trải nghiệm những quà tặng tuyệt vời từ cuộc sống.</p>'),
(71, 'Hoa Tai Bạc 5', 411, 'images/Pictures/BongTai/SBD2KN12114.100(411.000).jpg', '9MLHT2', 'VBNT', '<p>Chất liệu Bạc cao cấp, Có gắn đá.</p>\r\n<p>Cùng bước vào thế giới rực rỡ sắc màu "Thế giới nàng tỏa sáng". </p>\r\n<p>Hãy nắm bắt và khởi đầu phong cách để sẵn sàng làm mới bản thân trải nghiệm những quà tặng tuyệt vời từ cuộc sống.</p>'),
(72, 'Hoa Tai Bạc 6', 455, 'images/Pictures/BongTai/SBD2KN12120.400(455.000).jpg', '9MLHT2', 'VBNT', '<p>Chất liệu Bạc cao cấp, Có gắn đá.</p>\r\n<p>Cùng bước vào thế giới rực rỡ sắc màu "Thế giới nàng tỏa sáng". </p>\r\n<p>Hãy nắm bắt và khởi đầu phong cách để sẵn sàng làm mới bản thân trải nghiệm những quà tặng tuyệt vời từ cuộc sống.</p>'),
(73, 'Hoa Tai Bạc 7', 428, 'images/Pictures/BongTai/SBD2KN12125.400(428.000).jpg', '9MLHT2', 'VBNT', '<p>Chất liệu Bạc cao cấp, Có gắn đá.</p>\r\n<p>Cùng bước vào thế giới rực rỡ sắc màu "Thế giới nàng tỏa sáng". </p>\r\n<p>Hãy nắm bắt và khởi đầu phong cách để sẵn sàng làm mới bản thân trải nghiệm những quà tặng tuyệt vời từ cuộc sống.</p>'),
(74, 'Dây chuyền bạc 1', 242, 'images/dcb2.jpg', 'MLDC2', 'VBNT', '<p>Chất liệu Bạc cao cấp, Có gắn đá.</p>\r\n<p>Cùng bước vào thế giới rực rỡ sắc màu "Thế giới nàng tỏa sáng". </p>\r\n<p>Hãy nắm bắt và khởi đầu phong cách để sẵn sàng làm mới bản thân trải nghiệm những quà tặng tuyệt vời từ cuộc sống.</p>'),
(75, 'Dây Chuyền Bạc 3', 291, 'images/Pictures/DayChuyen/SDM2KKBC018.000(291.000).jpg', 'MLDC2', 'VBNT', '<p>Chất liệu Bạc cao cấp, Có gắn đá.</p>\r\n<p>Cùng bước vào thế giới rực rỡ sắc màu "Thế giới nàng tỏa sáng". </p>\r\n<p>Hãy nắm bắt và khởi đầu phong cách để sẵn sàng làm mới bản thân trải nghiệm những quà tặng tuyệt vời từ cuộc sống.</p>'),
(76, 'Dây Chuyền Bạc 4', 291, 'images/Pictures/DayChuyen/SDM2KKBL100.000(291.000).jpg', 'MLDC2', 'VBNT', '<p>Chất liệu Bạc cao cấp, Có gắn đá.</p>\r\n<p>Cùng bước vào thế giới rực rỡ sắc màu "Thế giới nàng tỏa sáng". </p>\r\n<p>Hãy nắm bắt và khởi đầu phong cách để sẵn sàng làm mới bản thân trải nghiệm những quà tặng tuyệt vời từ cuộc sống.</p>'),
(77, 'Dây Chuyền Bạc 5', 194, 'images/Pictures/DayChuyen/SDM2KKFC035.000(194.000).jpg', 'MLDC2', 'VBNT', '<p>Chất liệu Bạc cao cấp, Có gắn đá.</p>\r\n<p>Cùng bước vào thế giới rực rỡ sắc màu "Thế giới nàng tỏa sáng". </p>\r\n<p>Hãy nắm bắt và khởi đầu phong cách để sẵn sàng làm mới bản thân trải nghiệm những quà tặng tuyệt vời từ cuộc sống.</p>'),
(78, 'Dây chuyền bạc 6', 304, 'images/Pictures/DayChuyen/SDM2KKFC055.000(304.000).jpg', 'MLDC2', 'VBNT', '<p>Chất liệu Bạc cao cấp, Có gắn đá.</p>\r\n<p>Cùng bước vào thế giới rực rỡ sắc màu "Thế giới nàng tỏa sáng". </p>\r\n<p>Hãy nắm bắt và khởi đầu phong cách để sẵn sàng làm mới bản thân trải nghiệm những quà tặng tuyệt vời từ cuộc sống.</p>'),
(79, 'Dây chuyền bạc 2', 168, 'images/dcb1.jpg', 'MLDC2', 'VBNT', '<p>Chất liệu Bạc cao cấp, Có gắn đá.</p>\r\n<p>Cùng bước vào thế giới rực rỡ sắc màu "Thế giới nàng tỏa sáng". </p>\r\n<p>Hãy nắm bắt và khởi đầu phong cách để sẵn sàng làm mới bản thân trải nghiệm những quà tặng tuyệt vời từ cuộc sống.</p>'),
(80, 'Dây Chuyền bạc 7', 682, 'images/Pictures/DayChuyen/SDM2KKRB100.000(682.000).jpg', 'MLDC2', 'VBNT', '<p>Chất liệu Bạc cao cấp, Có gắn đá.</p>\r\n<p>Cùng bước vào thế giới rực rỡ sắc màu "Thế giới nàng tỏa sáng". </p>\r\n<p>Hãy nắm bắt và khởi đầu phong cách để sẵn sàng làm mới bản thân trải nghiệm những quà tặng tuyệt vời từ cuộc sống.</p>'),
(81, 'Dây Chuyền Bạc 8', 194, 'images/Pictures/DayChuyen/SDM2KKSD040.000(194.000).jpg', 'MLDC2', 'VBNT', '<p>Chất liệu Bạc cao cấp, Có gắn đá.</p>\r\n<p>Cùng bước vào thế giới rực rỡ sắc màu "Thế giới nàng tỏa sáng". </p>\r\n<p>Hãy nắm bắt và khởi đầu phong cách để sẵn sàng làm mới bản thân trải nghiệm những quà tặng tuyệt vời từ cuộc sống.</p>'),
(82, 'Dây chuyền bạc 9', 194, 'images/Pictures/DayChuyen/SDM2KKSX040.000(194.000).jpg', 'MLDC2', 'VBNT', '<p>Chất liệu Bạc cao cấp, Có gắn đá.</p>\r\n<p>Cùng bước vào thế giới rực rỡ sắc màu "Thế giới nàng tỏa sáng". </p>\r\n<p>Hãy nắm bắt và khởi đầu phong cách để sẵn sàng làm mới bản thân trải nghiệm những quà tặng tuyệt vời từ cuộc sống.</p>'),
(83, 'Lắc chân bạc 6', 325, 'images/Pictures/LacChan/SLD2KK10921.100(325.000).jpg', '7MLLC1', 'BTP', '<p>Chất liệu Bạc cao cấp, Có gắn đá.</p>\r\n<p>Cùng bước vào thế giới rực rỡ sắc màu "Thế giới nàng tỏa sáng". </p>\r\n<p>Hãy nắm bắt và khởi đầu phong cách để sẵn sàng làm mới bản thân trải nghiệm những quà tặng tuyệt vời từ cuộc sống.</p>');
INSERT INTO `sanpham` (`Masanpham`, `Tensanpham`, `Dongia`, `Hinhanh`, `MaLoai`, `MaNCC`, `chitiet`) VALUES
(84, 'Lắc tay bạc 1', 994, 'images/lb1.jpg', '6MLLT2', 'BTN', '<p>Chất liệu Bạc cao cấp, Có gắn đá.</p>\r\n<p>Cùng bước vào thế giới rực rỡ sắc màu "Thế giới nàng tỏa sáng". </p>\r\n<p>Hãy nắm bắt và khởi đầu phong cách để sẵn sàng làm mới bản thân trải nghiệm những quà tặng tuyệt vời từ cuộc sống.</p>'),
(85, 'Lắc tay bạc 9', 514, 'images/Pictures/Lac/SLD2KN07436.100(514.000).jpg', '6MLLT2', 'BTP', '<p>Chất liệu Bạc cao cấp, Có gắn đá.</p>\r\n<p>Cùng bước vào thế giới rực rỡ sắc màu "Thế giới nàng tỏa sáng". </p>\r\n<p>Hãy nắm bắt và khởi đầu phong cách để sẵn sàng làm mới bản thân trải nghiệm những quà tặng tuyệt vời từ cuộc sống.</p>'),
(86, 'Lắc tay bạc 2', 974, 'images/Pictures/Lac/SLD2KN10594.400(974.000).jpg', '6MLLT2', 'BTN', '<p>Chất liệu Bạc cao cấp, Có gắn đá.</p>\r\n<p>Cùng bước vào thế giới rực rỡ sắc màu "Thế giới nàng tỏa sáng". </p>\r\n<p>Hãy nắm bắt và khởi đầu phong cách để sẵn sàng làm mới bản thân trải nghiệm những quà tặng tuyệt vời từ cuộc sống.</p>'),
(87, 'Lắc tay bạc 3', 1058, 'images/Pictures/Lac/SLD2KN10598.100(1.058.000).jpg', '6MLLT2', 'BTN', '<p>Chất liệu Bạc cao cấp, Có gắn đá.</p>\r\n<p>Cùng bước vào thế giới rực rỡ sắc màu "Thế giới nàng tỏa sáng". </p>\r\n<p>Hãy nắm bắt và khởi đầu phong cách để sẵn sàng làm mới bản thân trải nghiệm những quà tặng tuyệt vời từ cuộc sống.</p>'),
(88, 'Lắc tay bạc 4', 1012, 'images/Pictures/Lac/SLD2KN12112.407(1.012.000).jpg', '6MLLT2', 'BTN', '<p>Chất liệu Bạc cao cấp, Có gắn đá.</p>\r\n<p>Cùng bước vào thế giới rực rỡ sắc màu "Thế giới nàng tỏa sáng". </p>\r\n<p>Hãy nắm bắt và khởi đầu phong cách để sẵn sàng làm mới bản thân trải nghiệm những quà tặng tuyệt vời từ cuộc sống.</p>'),
(89, 'Lắc tay bạc 5', 1237, 'images/Pictures/Lac/SLD2KN12119.400(1.237.000).jpg', '6MLLT2', 'BTN', '<p>Chất liệu Bạc cao cấp, Có gắn đá.</p>\r\n<p>Cùng bước vào thế giới rực rỡ sắc màu "Thế giới nàng tỏa sáng". </p>\r\n<p>Hãy nắm bắt và khởi đầu phong cách để sẵn sàng làm mới bản thân trải nghiệm những quà tặng tuyệt vời từ cuộc sống.</p>'),
(90, 'Lắc tay bạc 11', 596, 'images/lb2.jpg', '6MLLT2', 'BTP', '<p>Chất liệu Bạc cao cấp, Có gắn đá.</p>\r\n<p>Cùng bước vào thế giới rực rỡ sắc màu "Thế giới nàng tỏa sáng". </p>\r\n<p>Hãy nắm bắt và khởi đầu phong cách để sẵn sàng làm mới bản thân trải nghiệm những quà tặng tuyệt vời từ cuộc sống.</p>'),
(91, 'Lắc chân bạc 1', 310, 'images/Pictures/LacChan/SLH2KK01621.000(310.000).jpg', '7MLLC1', 'BTN', '<p>Chất liệu Bạc cao cấp, Có gắn đá.</p>\r\n<p>Cùng bước vào thế giới rực rỡ sắc màu "Thế giới nàng tỏa sáng". </p>\r\n<p>Hãy nắm bắt và khởi đầu phong cách để sẵn sàng làm mới bản thân trải nghiệm những quà tặng tuyệt vời từ cuộc sống.</p>'),
(92, 'Lắc chân bạc 2', 310, 'images/Pictures/LacChan/SLH2KK01702.000(310.000).jpg', '7MLLC1', 'BTN', '<p>Chất liệu Bạc cao cấp, Có gắn đá.</p>\r\n<p>Cùng bước vào thế giới rực rỡ sắc màu "Thế giới nàng tỏa sáng". </p>\r\n<p>Hãy nắm bắt và khởi đầu phong cách để sẵn sàng làm mới bản thân trải nghiệm những quà tặng tuyệt vời từ cuộc sống.</p>'),
(93, 'Lắc chân bạc 3', 323, 'images/Pictures/LacChan/SLH2KK01749.000(323.000).jpg', '7MLLC1', 'BTN', '<p>Chất liệu Bạc cao cấp, Có gắn đá.</p>\r\n<p>Cùng bước vào thế giới rực rỡ sắc màu "Thế giới nàng tỏa sáng". </p>\r\n<p>Hãy nắm bắt và khởi đầu phong cách để sẵn sàng làm mới bản thân trải nghiệm những quà tặng tuyệt vời từ cuộc sống.</p>'),
(94, 'Lắc tay bạc 6', 500, 'images/Pictures/Lac/SLH2KK07682.100(500.000).jpg', '6MLLT2', 'BTN', '<p>Chất liệu Bạc cao cấp, Có gắn đá.</p>\r\n<p>Cùng bước vào thế giới rực rỡ sắc màu "Thế giới nàng tỏa sáng". </p>\r\n<p>Hãy nắm bắt và khởi đầu phong cách để sẵn sàng làm mới bản thân trải nghiệm những quà tặng tuyệt vời từ cuộc sống.</p>'),
(95, 'Lắc chân bạc 4', 402, 'images/Pictures/LacChan/SLH2KK09950.100(402.000).jpg', '7MLLC1', 'BTN', '<p>Chất liệu Bạc cao cấp, Có gắn đá.</p>\r\n<p>Cùng bước vào thế giới rực rỡ sắc màu "Thế giới nàng tỏa sáng". </p>\r\n<p>Hãy nắm bắt và khởi đầu phong cách để sẵn sàng làm mới bản thân trải nghiệm những quà tặng tuyệt vời từ cuộc sống.</p>'),
(96, 'Lắc tay bạc 7', 328, 'images/Pictures/Lac/SLH2KK09999.100(328.000).jpg', '6MLLT2', 'BTN', '<p>Chất liệu Bạc cao cấp, Có gắn đá.</p>\r\n<p>Cùng bước vào thế giới rực rỡ sắc màu "Thế giới nàng tỏa sáng". </p>\r\n<p>Hãy nắm bắt và khởi đầu phong cách để sẵn sàng làm mới bản thân trải nghiệm những quà tặng tuyệt vời từ cuộc sống.</p>'),
(97, 'Lắc tay bạc 8', 600, 'images/Pictures/Lac/SLH2KK10492.100(600.000).jpg', '6MLLT2', 'BTN', '<p>Chất liệu Bạc cao cấp, Có gắn đá.</p>\r\n<p>Cùng bước vào thế giới rực rỡ sắc màu "Thế giới nàng tỏa sáng". </p>\r\n<p>Hãy nắm bắt và khởi đầu phong cách để sẵn sàng làm mới bản thân trải nghiệm những quà tặng tuyệt vời từ cuộc sống.</p>'),
(98, 'Lắc chân bạc 5', 319, 'images/Pictures/LacChan/SLH2KK10931.100(319.000).jpg', '7MLLC1', 'BTN', '<p>Chất liệu Bạc cao cấp, Có gắn đá.</p>\r\n<p>Cùng bước vào thế giới rực rỡ sắc màu "Thế giới nàng tỏa sáng". </p>\r\n<p>Hãy nắm bắt và khởi đầu phong cách để sẵn sàng làm mới bản thân trải nghiệm những quà tặng tuyệt vời từ cuộc sống.</p>'),
(99, 'Lắc tay bạc 10', 301, 'images/Pictures/Lac/SLH2KK11875.000(301.000).jpg', '6MLLT2', 'BTN', '<p>Chất liệu Bạc cao cấp, Có gắn đá.</p>\r\n<p>Cùng bước vào thế giới rực rỡ sắc màu "Thế giới nàng tỏa sáng". </p>\r\n<p>Hãy nắm bắt và khởi đầu phong cách để sẵn sàng làm mới bản thân trải nghiệm những quà tặng tuyệt vời từ cuộc sống.</p>'),
(100, 'Mặt dây chuyền bạc 1', 272, 'images/Pictures/MatDayChuyen/SMD2KN06010.100(272.000).jpg', '4MLMDC2', 'BTP', '<p>Chất liệu Bạc cao cấp, Có gắn đá.</p>\r\n<p>Cùng bước vào thế giới rực rỡ sắc màu "Thế giới nàng tỏa sáng". </p>\r\n<p>Hãy nắm bắt và khởi đầu phong cách để sẵn sàng làm mới bản thân trải nghiệm những quà tặng tuyệt vời từ cuộc sống.</p>'),
(101, 'Mặt dây chuyền bạc 2', 303, 'images/Pictures/MatDayChuyen/SMD2KN09055.100(303.000).jpg', '4MLMDC2', 'BTP', '<p>Chất liệu Bạc cao cấp, Có gắn đá.</p>\r\n<p>Cùng bước vào thế giới rực rỡ sắc màu "Thế giới nàng tỏa sáng". </p>\r\n<p>Hãy nắm bắt và khởi đầu phong cách để sẵn sàng làm mới bản thân trải nghiệm những quà tặng tuyệt vời từ cuộc sống.</p>'),
(102, 'Mặt dây chuyền bạc 3', 286, 'images/Pictures/MatDayChuyen/SMD2KN09067.400(286.000).jpg', '4MLMDC2', 'BTP', '<p>Chất liệu Bạc cao cấp, Có gắn đá.</p>\r\n<p>Cùng bước vào thế giới rực rỡ sắc màu "Thế giới nàng tỏa sáng". </p>\r\n<p>Hãy nắm bắt và khởi đầu phong cách để sẵn sàng làm mới bản thân trải nghiệm những quà tặng tuyệt vời từ cuộc sống.</p>'),
(103, 'Mặt dây chuyền bạc 4', 181, 'images/Pictures/MatDayChuyen/SMD2KN10489.100(181.000).jpg', '4MLMDC2', 'BTP', '<p>Chất liệu Bạc cao cấp, Có gắn đá.</p>\r\n<p>Cùng bước vào thế giới rực rỡ sắc màu "Thế giới nàng tỏa sáng". </p>\r\n<p>Hãy nắm bắt và khởi đầu phong cách để sẵn sàng làm mới bản thân trải nghiệm những quà tặng tuyệt vời từ cuộc sống.</p>'),
(104, 'Mặt dây chuyền bạc 5', 267, 'images/Pictures/MatDayChuyen/SMD2KN10517.100(267.000).jpg', '4MLMDC2', 'BTP', '<p>Chất liệu Bạc cao cấp, Có gắn đá.</p>\r\n<p>Cùng bước vào thế giới rực rỡ sắc màu "Thế giới nàng tỏa sáng". </p>\r\n<p>Hãy nắm bắt và khởi đầu phong cách để sẵn sàng làm mới bản thân trải nghiệm những quà tặng tuyệt vời từ cuộc sống.</p>'),
(105, 'Mặt dây chuyền bạc 6', 389, 'images/Pictures/MatDayChuyen/SMD2KN10591.400(389.000).jpg', '4MLMDC2', 'BTP', '<p>Chất liệu Bạc cao cấp, Có gắn đá.</p>\r\n<p>Cùng bước vào thế giới rực rỡ sắc màu "Thế giới nàng tỏa sáng". </p>\r\n<p>Hãy nắm bắt và khởi đầu phong cách để sẵn sàng làm mới bản thân trải nghiệm những quà tặng tuyệt vời từ cuộc sống.</p>'),
(106, 'Mặt dây chuyền bạc 7', 360, 'images/Pictures/MatDayChuyen/SMD2KN10596.400(360.000).jpg', '4MLMDC2', 'BTP', '<p>Chất liệu Bạc cao cấp, Có gắn đá.</p>\r\n<p>Cùng bước vào thế giới rực rỡ sắc màu "Thế giới nàng tỏa sáng". </p>\r\n<p>Hãy nắm bắt và khởi đầu phong cách để sẵn sàng làm mới bản thân trải nghiệm những quà tặng tuyệt vời từ cuộc sống.</p>'),
(107, 'Mặt dây chuyền bạc 8', 314, 'images/Pictures/MatDayChuyen/SMD2KN10666.100(314.000).jpg', '4MLMDC2', 'BTP', '<p>Chất liệu Bạc cao cấp, Có gắn đá.</p>\r\n<p>Cùng bước vào thế giới rực rỡ sắc màu "Thế giới nàng tỏa sáng". </p>\r\n<p>Hãy nắm bắt và khởi đầu phong cách để sẵn sàng làm mới bản thân trải nghiệm những quà tặng tuyệt vời từ cuộc sống.</p>'),
(108, 'Mặt dây chuyền bạc 9', 364, 'images/Pictures/MatDayChuyen/SMD2KN11362.100(364.000).jpg', '4MLMDC2', 'BTP', '<p>Chất liệu Bạc cao cấp, Có gắn đá.</p>\r\n<p>Cùng bước vào thế giới rực rỡ sắc màu "Thế giới nàng tỏa sáng". </p>\r\n<p>Hãy nắm bắt và khởi đầu phong cách để sẵn sàng làm mới bản thân trải nghiệm những quà tặng tuyệt vời từ cuộc sống.</p>'),
(109, 'Mặt dây chuyền bạc 10', 462, 'images/Pictures/MatDayChuyen/SMD2KN12110.407(462.000).jpg', '4MLMDC2', 'BTP', '<p>Chất liệu Bạc cao cấp, Có gắn đá.</p>\r\n<p>Cùng bước vào thế giới rực rỡ sắc màu "Thế giới nàng tỏa sáng". </p>\r\n<p>Hãy nắm bắt và khởi đầu phong cách để sẵn sàng làm mới bản thân trải nghiệm những quà tặng tuyệt vời từ cuộc sống.</p>'),
(110, 'Mặt dây chuyền bạc 11', 423, 'images/Pictures/MatDayChuyen/SMD2KN12118.400(423.000).jpg', '4MLMDC2', 'BTP', '<p>Chất liệu Bạc cao cấp, Có gắn đá.</p>\r\n<p>Cùng bước vào thế giới rực rỡ sắc màu "Thế giới nàng tỏa sáng". </p>\r\n<p>Hãy nắm bắt và khởi đầu phong cách để sẵn sàng làm mới bản thân trải nghiệm những quà tặng tuyệt vời từ cuộc sống.</p>'),
(111, 'Nhẫn bạc 1', 347, 'images/Pictures/Nhan/SND2KN01580.100(347.000).jpg', '2MLN2', 'BTP', '<p>Chất liệu Bạc cao cấp, Có gắn đá.</p>\r\n<p>Cùng bước vào thế giới rực rỡ sắc màu "Thế giới nàng tỏa sáng". </p>\r\n<p>Hãy nắm bắt và khởi đầu phong cách để sẵn sàng làm mới bản thân trải nghiệm những quà tặng tuyệt vời từ cuộc sống.</p>'),
(112, 'Nhẫn bạc 2', 323, 'images/Pictures/Nhan/SND2KN09051.407(323.000).jpg', '2MLN2', 'BTP', '<p>Chất liệu Bạc cao cấp, Có gắn đá.</p>\r\n<p>Cùng bước vào thế giới rực rỡ sắc màu "Thế giới nàng tỏa sáng". </p>\r\n<p>Hãy nắm bắt và khởi đầu phong cách để sẵn sàng làm mới bản thân trải nghiệm những quà tặng tuyệt vời từ cuộc sống.</p>'),
(113, 'Nhẫn bạc 3', 415, 'images/Pictures/Nhan/SND2KN10017.400(415.000).jpg', '2MLN2', 'BTP', '<p>Chất liệu Bạc cao cấp, Có gắn đá.</p>\r\n<p>Cùng bước vào thế giới rực rỡ sắc màu "Thế giới nàng tỏa sáng". </p>\r\n<p>Hãy nắm bắt và khởi đầu phong cách để sẵn sàng làm mới bản thân trải nghiệm những quà tặng tuyệt vời từ cuộc sống.</p>'),
(114, 'Nhẫn bạc 4', 477, 'images/Pictures/Nhan/SND2KN10590.407(477.000).jpg', '2MLN2', 'BTP', '<p>Chất liệu Bạc cao cấp, Có gắn đá.</p>\r\n<p>Cùng bước vào thế giới rực rỡ sắc màu "Thế giới nàng tỏa sáng". </p>\r\n<p>Hãy nắm bắt và khởi đầu phong cách để sẵn sàng làm mới bản thân trải nghiệm những quà tặng tuyệt vời từ cuộc sống.</p>'),
(115, 'Nhẫn bạc 5', 440, 'images/Pictures/Nhan/SND2KN10592.400(440.000).jpg', '2MLN2', 'BTP', '<p>Chất liệu Bạc cao cấp, Có gắn đá.</p>\r\n<p>Cùng bước vào thế giới rực rỡ sắc màu "Thế giới nàng tỏa sáng". </p>\r\n<p>Hãy nắm bắt và khởi đầu phong cách để sẵn sàng làm mới bản thân trải nghiệm những quà tặng tuyệt vời từ cuộc sống.</p>'),
(116, 'Nhẫn bạc 6', 436, 'images/Pictures/Nhan/SND2KN10595.400(436.000).jpg', '2MLN2', 'BTP', '<p>Chất liệu Bạc cao cấp, Có gắn đá.</p>\r\n<p>Cùng bước vào thế giới rực rỡ sắc màu "Thế giới nàng tỏa sáng". </p>\r\n<p>Hãy nắm bắt và khởi đầu phong cách để sẵn sàng làm mới bản thân trải nghiệm những quà tặng tuyệt vời từ cuộc sống.</p>'),
(117, 'Nhẫn bạc 7', 332, 'images/Pictures/Nhan/SND2KN10681.100(332.000).jpg', '2MLN2', 'BTP', '<p>Chất liệu Bạc cao cấp, Có gắn đá.</p>\r\n<p>Cùng bước vào thế giới rực rỡ sắc màu "Thế giới nàng tỏa sáng". </p>\r\n<p>Hãy nắm bắt và khởi đầu phong cách để sẵn sàng làm mới bản thân trải nghiệm những quà tặng tuyệt vời từ cuộc sống.</p>'),
(118, 'Nhẫn bạc 8', 351, 'images/Pictures/Nhan/SND2KN11000.100(351.000).jpg', '2MLN2', 'BTP', '<p>Chất liệu Bạc cao cấp, Có gắn đá.</p>\r\n<p>Cùng bước vào thế giới rực rỡ sắc màu "Thế giới nàng tỏa sáng". </p>\r\n<p>Hãy nắm bắt và khởi đầu phong cách để sẵn sàng làm mới bản thân trải nghiệm những quà tặng tuyệt vời từ cuộc sống.</p>'),
(119, 'Nhẫn bạc 9', 301, 'images/Pictures/Nhan/SND2KN11002.100(301.000).jpg', '2MLN2', 'BTP', '<p>Chất liệu Bạc cao cấp, Có gắn đá.</p>\r\n<p>Cùng bước vào thế giới rực rỡ sắc màu "Thế giới nàng tỏa sáng". </p>\r\n<p>Hãy nắm bắt và khởi đầu phong cách để sẵn sàng làm mới bản thân trải nghiệm những quà tặng tuyệt vời từ cuộc sống.</p>'),
(120, 'Nhẫn bạc 10', 403, 'images/Pictures/Nhan/SND2KN11275.100(403.000).jpg', '2MLN2', 'BTP', '<p>Chất liệu Bạc cao cấp, Có gắn đá.</p>\r\n<p>Cùng bước vào thế giới rực rỡ sắc màu "Thế giới nàng tỏa sáng". </p>\r\n<p>Hãy nắm bắt và khởi đầu phong cách để sẵn sàng làm mới bản thân trải nghiệm những quà tặng tuyệt vời từ cuộc sống.</p>'),
(121, 'Nhẫn bạc 11', 354, 'images/Pictures/Nhan/SND2KN11277.100(354.000).jpg', '2MLN2', 'BTP', '<p>Chất liệu Bạc cao cấp, Có gắn đá.</p>\r\n<p>Cùng bước vào thế giới rực rỡ sắc màu "Thế giới nàng tỏa sáng". </p>\r\n<p>Hãy nắm bắt và khởi đầu phong cách để sẵn sàng làm mới bản thân trải nghiệm những quà tặng tuyệt vời từ cuộc sống.</p>'),
(122, 'Nhẫn bạc 12', 404, 'images/Pictures/Nhan/SND2KN11278.403(404.000).jpg', '2MLN2', 'BTP', '<p>Chất liệu Bạc cao cấp, Có gắn đá.</p>\r\n<p>Cùng bước vào thế giới rực rỡ sắc màu "Thế giới nàng tỏa sáng". </p>\r\n<p>Hãy nắm bắt và khởi đầu phong cách để sẵn sàng làm mới bản thân trải nghiệm những quà tặng tuyệt vời từ cuộc sống.</p>'),
(123, 'Nhẫn bạc 13 ', 406, 'images/Pictures/Nhan/SND2KN11293.000(406.000).jpg', '2MLN2', 'BTP', '<p>Chất liệu Bạc cao cấp, Có gắn đá.</p>\r\n<p>Cùng bước vào thế giới rực rỡ sắc màu "Thế giới nàng tỏa sáng". </p>\r\n<p>Hãy nắm bắt và khởi đầu phong cách để sẵn sàng làm mới bản thân trải nghiệm những quà tặng tuyệt vời từ cuộc sống.</p>'),
(124, 'Nhẫn bạc 14', 330, 'images/Pictures/Nhan/SND2KN11296.100(330.000).jpg', '2MLN2', 'BTP', '<p>Chất liệu Bạc cao cấp, Có gắn đá.</p>\r\n<p>Cùng bước vào thế giới rực rỡ sắc màu "Thế giới nàng tỏa sáng". </p>\r\n<p>Hãy nắm bắt và khởi đầu phong cách để sẵn sàng làm mới bản thân trải nghiệm những quà tặng tuyệt vời từ cuộc sống.</p>'),
(125, 'Nhẫn bạc 15', 421, 'images/Pictures/Nhan/SND2KN11556.406(421.000).jpg', '2MLN2', 'BTP', '<p>Chất liệu Bạc cao cấp, Có gắn đá.</p>\r\n<p>Cùng bước vào thế giới rực rỡ sắc màu "Thế giới nàng tỏa sáng". </p>\r\n<p>Hãy nắm bắt và khởi đầu phong cách để sẵn sàng làm mới bản thân trải nghiệm những quà tặng tuyệt vời từ cuộc sống.</p>'),
(126, 'Đồng Hồ Beside:BEL-100SG-7AVDF', 1688, 'images/Pictures/DH/DongHo/Beside/BEM-100D-7AVDF(1.688.000).jpeg', 'MLDHBE', 'DHAK', '<p>LONG BATTERY LIFE (Tuổi thọ pin):Pin kéo dài ít nhất 3 năm. Con số cho biết tuổi thọ pin thực tế.</p>\r\n<p>WATER RESISTANT (Chống nước): Chữ BAR cho biết số đơn vi áp suất mà tính năng chống nước của đồng hồ có thể chịu được. 5 Bar nghĩa là có thể chống nước tới 5 đơn vị áp suất <=>(50m) .</p>\r\n<p>SPHERICHAL GLASS (Kính lồi):Bề mặt kính được gọt tròn.</p>\r\n<p>SOLID BAND (Dây đồng nhất).</p>\r\n<p>ONE-TOUCH 3-FOLD BUCKLE (1 lần nhấn, khóa 3 lần).</p>'),
(127, 'Đồng Hồ Beside:BEM-119D-7AVDF', 2273, 'images/Pictures/DH/DongHo/Beside/BEM-119D-7AVDF(2.273.000).jpeg', 'MLDHBE', 'DHAK', '<p>LONG BATTERY LIFE (Tuổi thọ pin):Pin kéo dài ít nhất 3 năm. Con số cho biết tuổi thọ pin thực tế.</p>\r\n<p>WATER RESISTANT (Chống nước): Chữ BAR cho biết số đơn vi áp suất mà tính năng chống nước của đồng hồ có thể chịu được. 5 Bar nghĩa là có thể chống nước tới 5 đơn vị áp suất <=>(50m) .</p>\r\n<p>SPHERICHAL GLASS (Kính lồi):Bề mặt kính được gọt tròn.</p>\r\n<p>SOLID BAND (Dây đồng nhất).</p>\r\n<p>ONE-TOUCH 3-FOLD BUCKLE (1 lần nhấn, khóa 3 lần).</p>'),
(128, 'Đồng Hồ Beside:BEM-120D-1AVDF', 2430, 'images/Pictures/DH/DongHo/Beside/BEM-120D-1AVDF(2.430.000).jpeg', 'MLDHBE', 'DHAK', '<p>LONG BATTERY LIFE (Tuổi thọ pin):Pin kéo dài ít nhất 3 năm. Con số cho biết tuổi thọ pin thực tế.</p>\r\n<p>WATER RESISTANT (Chống nước): Chữ BAR cho biết số đơn vi áp suất mà tính năng chống nước của đồng hồ có thể chịu được. 5 Bar nghĩa là có thể chống nước tới 5 đơn vị áp suất <=>(50m) .</p>\r\n<p>SPHERICHAL GLASS (Kính lồi):Bề mặt kính được gọt tròn.</p>\r\n<p>SOLID BAND (Dây đồng nhất).</p>\r\n<p>ONE-TOUCH 3-FOLD BUCKLE (1 lần nhấn, khóa 3 lần).</p>'),
(129, 'Đồng Hồ Beside:BEM-121BL-1AVDF', 2678, 'images/Pictures/DH/DongHo/Beside/BEM-121BL-1AVDF(2.678.000).jpeg', 'MLDHBE', 'DHAK', '<p>LONG BATTERY LIFE (Tuổi thọ pin):Pin kéo dài ít nhất 3 năm. Con số cho biết tuổi thọ pin thực tế.</p>\r\n<p>WATER RESISTANT (Chống nước): Chữ BAR cho biết số đơn vi áp suất mà tính năng chống nước của đồng hồ có thể chịu được. 5 Bar nghĩa là có thể chống nước tới 5 đơn vị áp suất <=>(50m) .</p>\r\n<p>SPHERICHAL GLASS (Kính lồi):Bề mặt kính được gọt tròn.</p>\r\n<p>SOLID BAND (Dây đồng nhất).</p>\r\n<p>ONE-TOUCH 3-FOLD BUCKLE (1 lần nhấn, khóa 3 lần).</p>'),
(130, 'Đồng Hồ Beside:BEM-130D-7AVDF', 2744, 'images/Pictures/DH/DongHo/Beside/BEM-130D-7AVDF(2.745.000).jpeg', 'MLDHBE', 'DHAK', '<p>LONG BATTERY LIFE (Tuổi thọ pin):Pin kéo dài ít nhất 3 năm. Con số cho biết tuổi thọ pin thực tế.</p>\r\n<p>WATER RESISTANT (Chống nước): Chữ BAR cho biết số đơn vi áp suất mà tính năng chống nước của đồng hồ có thể chịu được. 5 Bar nghĩa là có thể chống nước tới 5 đơn vị áp suất <=>(50m) .</p>\r\n<p>SPHERICHAL GLASS (Kính lồi):Bề mặt kính được gọt tròn.</p>\r\n<p>SOLID BAND (Dây đồng nhất).</p>\r\n<p>ONE-TOUCH 3-FOLD BUCKLE (1 lần nhấn, khóa 3 lần).</p>'),
(131, 'Đồng Hồ Beside:BEM-310BL-1AVDF', 3375, 'images/Pictures/DH/DongHo/Beside/BEM-310BL-1AVDF(3.375.000).jpeg', 'MLDHBE', 'DHAK', '<p>LONG BATTERY LIFE (Tuổi thọ pin):Pin kéo dài ít nhất 3 năm. Con số cho biết tuổi thọ pin thực tế.</p>\r\n<p>WATER RESISTANT (Chống nước): Chữ BAR cho biết số đơn vi áp suất mà tính năng chống nước của đồng hồ có thể chịu được. 5 Bar nghĩa là có thể chống nước tới 5 đơn vị áp suất <=>(50m) .</p>\r\n<p>SPHERICHAL GLASS (Kính lồi):Bề mặt kính được gọt tròn.</p>\r\n<p>SOLID BAND (Dây đồng nhất).</p>\r\n<p>ONE-TOUCH 3-FOLD BUCKLE (1 lần nhấn, khóa 3 lần).</p>'),
(132, 'Đồng Hồ Beside:BEL-310BL-7AVDF', 3375, 'images/Pictures/DH/DongHo/Beside/BEM-310BL-7AVDF(3.375.000).jpeg', 'MLDHBE', 'DHAK', '<p>LONG BATTERY LIFE (Tuổi thọ pin):Pin kéo dài ít nhất 3 năm. Con số cho biết tuổi thọ pin thực tế.</p>\r\n<p>WATER RESISTANT (Chống nước): Chữ BAR cho biết số đơn vi áp suất mà tính năng chống nước của đồng hồ có thể chịu được. 5 Bar nghĩa là có thể chống nước tới 5 đơn vị áp suất <=>(50m) .</p>\r\n<p>SPHERICHAL GLASS (Kính lồi):Bề mặt kính được gọt tròn.</p>\r\n<p>SOLID BAND (Dây đồng nhất).</p>\r\n<p>ONE-TOUCH 3-FOLD BUCKLE (1 lần nhấn, khóa 3 lần).</p>'),
(133, 'Đồng Hồ Beside:BEM-311L-1A2VDF', 2970, 'images/Pictures/DH/DongHo/Beside/BEM-311L-1A2VDF(2.970.000).jpeg', 'MLDHBE', 'DHAK', '<p>LONG BATTERY LIFE (Tuổi thọ pin):Pin kéo dài ít nhất 3 năm. Con số cho biết tuổi thọ pin thực tế.</p>\r\n<p>WATER RESISTANT (Chống nước): Chữ BAR cho biết số đơn vi áp suất mà tính năng chống nước của đồng hồ có thể chịu được. 5 Bar nghĩa là có thể chống nước tới 5 đơn vị áp suất <=>(50m) .</p>\r\n<p>SPHERICHAL GLASS (Kính lồi):Bề mặt kính được gọt tròn.</p>\r\n<p>SOLID BAND (Dây đồng nhất).</p>\r\n<p>ONE-TOUCH 3-FOLD BUCKLE (1 lần nhấn, khóa 3 lần).</p>'),
(134, 'Đồng Hồ Beside:BEM-506BL-1AVDF', 3803, 'images/Pictures/DH/DongHo/Beside/BEM-506BL-1AVDF(3.803.000).jpeg', 'MLDHBE', 'DHAK', '<p>LONG BATTERY LIFE (Tuổi thọ pin):Pin kéo dài ít nhất 3 năm. Con số cho biết tuổi thọ pin thực tế.</p>\r\n<p>WATER RESISTANT (Chống nước): Chữ BAR cho biết số đơn vi áp suất mà tính năng chống nước của đồng hồ có thể chịu được. 5 Bar nghĩa là có thể chống nước tới 5 đơn vị áp suất <=>(50m) .</p>\r\n<p>SPHERICHAL GLASS (Kính lồi):Bề mặt kính được gọt tròn.</p>\r\n<p>SOLID BAND (Dây đồng nhất).</p>\r\n<p>ONE-TOUCH 3-FOLD BUCKLE (1 lần nhấn, khóa 3 lần).</p>'),
(135, 'Đồng Hồ Beside:BEM-508GL-5AVDF', 4613, 'images/Pictures/DH/DongHo/Beside/BEM-508GL-5AVDF(4.613.000).jpeg', 'MLDHBE', 'DHAK', '<p>LONG BATTERY LIFE (Tuổi thọ pin):Pin kéo dài ít nhất 3 năm. Con số cho biết tuổi thọ pin thực tế.</p>\r\n<p>WATER RESISTANT (Chống nước): Chữ BAR cho biết số đơn vi áp suất mà tính năng chống nước của đồng hồ có thể chịu được. 5 Bar nghĩa là có thể chống nước tới 5 đơn vị áp suất <=>(50m) .</p>\r\n<p>SPHERICHAL GLASS (Kính lồi):Bề mặt kính được gọt tròn.</p>\r\n<p>SOLID BAND (Dây đồng nhất).</p>\r\n<p>ONE-TOUCH 3-FOLD BUCKLE (1 lần nhấn, khóa 3 lần).</p>'),
(136, 'Đồng Hồ Beside:BEM-511L-1AVDF', 3825, 'images/Pictures/DH/DongHo/Beside/BEM-511L-1AVDF(3.825.000).jpeg', 'MLDHBE', 'DHAK', '<p>LONG BATTERY LIFE (Tuổi thọ pin):Pin kéo dài ít nhất 3 năm. Con số cho biết tuổi thọ pin thực tế.</p>\r\n<p>WATER RESISTANT (Chống nước): Chữ BAR cho biết số đơn vi áp suất mà tính năng chống nước của đồng hồ có thể chịu được. 5 Bar nghĩa là có thể chống nước tới 5 đơn vị áp suất <=>(50m) .</p>\r\n<p>SPHERICHAL GLASS (Kính lồi):Bề mặt kính được gọt tròn.</p>\r\n<p>SOLID BAND (Dây đồng nhất).</p>\r\n<p>ONE-TOUCH 3-FOLD BUCKLE (1 lần nhấn, khóa 3 lần).</p>'),
(137, 'Đồng hồ Baby-G:BA-110FL-7ADR', 4545, 'images/Pictures/DH/DongHo/Baby-G/BA-110FL-7ADR(4.545.000).png', 'MLDHBG', 'DHAK', '<p>Mặt kính khoáng.</p>\r\n<p>Chống va đập.</p>\r\n<p>Khả năng chống nước ở độ sâu 100 mét.</p>\r\n<p>Vật liệu vỏ / gờ: Nhựa.</p>\r\n<p>Dây đeo bằng nhựa.</p>'),
(138, 'Đồng hồ Baby-G:BA-111-3ADR', 3082, 'images/Pictures/DH/DongHo/Baby-G/BA-111-3ADR(3.083.000).png', 'MLDHBG', 'DHAK', '<p>Mặt kính khoáng.</p>\r\n<p>Chống va đập.</p>\r\n<p>Khả năng chống nước ở độ sâu 100 mét.</p>\r\n<p>Vật liệu vỏ / gờ: Nhựa.</p>\r\n<p>Dây đeo bằng nhựa.</p>'),
(139, 'Đồng hồ Baby-G:BA-112-4ADR', 3082, 'images/Pictures/DH/DongHo/Baby-G/BA-112-4ADR(3.083.000).jpeg', 'MLDHBG', 'DHAK', '<p>Mặt kính khoáng.</p>\r\n<p>Chống va đập.</p>\r\n<p>Khả năng chống nước ở độ sâu 100 mét.</p>\r\n<p>Vật liệu vỏ / gờ: Nhựa.</p>\r\n<p>Dây đeo bằng nhựa.</p>'),
(140, 'Đồng hồ Baby-G:BG-6903-4BDR', 2138, 'images/Pictures/DH/DongHo/Baby-G/BG-6903-4BDR(2.138.000).png', 'MLDHBG', 'DHAK', '<p>Mặt kính khoáng.</p>\r\n<p>Chống va đập.</p>\r\n<p>Khả năng chống nước ở độ sâu 100 mét.</p>\r\n<p>Vật liệu vỏ / gờ: Nhựa.</p>\r\n<p>Dây đeo bằng nhựa.</p>'),
(141, 'Đồng hồ Baby-G:BG-6903-7BDR', 2138, 'images/Pictures/DH/DongHo/Baby-G/BG-6903-7BDR(2.138.000).png', 'MLDHBG', 'DHAK', '<p>Mặt kính khoáng.</p>\r\n<p>Chống va đập.</p>\r\n<p>Khả năng chống nước ở độ sâu 100 mét.</p>\r\n<p>Vật liệu vỏ / gờ: Nhựa.</p>\r\n<p>Dây đeo bằng nhựa.</p>'),
(142, 'Đồng hồ Baby-G:BGA-103-4BDR', 2610, 'images/Pictures/DH/DongHo/Baby-G/BGA-103-4BDR(2.610.000).jpeg', 'MLDHBG', 'DHAK', '<p>Mặt kính khoáng.</p>\r\n<p>Chống va đập.</p>\r\n<p>Khả năng chống nước ở độ sâu 100 mét.</p>\r\n<p>Vật liệu vỏ / gờ: Nhựa.</p>\r\n<p>Dây đeo bằng nhựa.</p>'),
(143, 'Đồng hồ Baby-G:BGA-131-9BDR', 2610, 'images/Pictures/DH/DongHo/Baby-G/BGA-131-9BDR(2.610.000).png', 'MLDHBG', 'DHAK', '<p>Mặt kính khoáng.</p>\r\n<p>Chống va đập.</p>\r\n<p>Khả năng chống nước ở độ sâu 100 mét.</p>\r\n<p>Vật liệu vỏ / gờ: Nhựa.</p>\r\n<p>Dây đeo bằng nhựa.</p>'),
(144, 'Đồng hồ Baby-G:BGA-150-4BDR', 2609, 'images/Pictures/DH/DongHo/Baby-G/BGA-150-4BDR(2.610.000).jpeg', 'MLDHBG', 'DHAK', '<p>Mặt kính khoáng.</p>\r\n<p>Chống va đập.</p>\r\n<p>Khả năng chống nước ở độ sâu 100 mét.</p>\r\n<p>Vật liệu vỏ / gờ: Nhựa.</p>\r\n<p>Dây đeo bằng nhựa.</p>'),
(145, 'Đồng hồ Poptone:LCF-20-4DR', 1463, 'images/Pictures/DH/DongHo/Poptone/LCF-20-4DR(1.463.000).jpeg', 'MLDHPT', 'DHAK', '<p>Mặt kính nhựa / Mặt kính hình cầu.</p>\r\n<p>Khả năng chống nước ở độ sâu 50 mét.</p>\r\n<p>Vật liệu vỏ / gờ: Nhựa / Thép không gỉ.</p>\r\n<p>Dây đeo bằng thép không gỉ.</p>\r\n<p>Chốt gập 3 chỉ với một lần bấm.</p>'),
(146, 'Đồng hồ Poptone:LCF-21-2DR', 1463, 'images/Pictures/DH/DongHo/Poptone/LCF-21-2DR(1.463.000).jpeg', 'MLDHPT', 'DHAK', '<p>Mặt kính nhựa / Mặt kính hình cầu.</p>\r\n<p>Khả năng chống nước ở độ sâu 50 mét.</p>\r\n<p>Vật liệu vỏ / gờ: Nhựa / Thép không gỉ.</p>\r\n<p>Dây đeo bằng thép không gỉ.</p>\r\n<p>Chốt gập 3 chỉ với một lần bấm.</p>'),
(147, 'Đồng hồ Poptone:LCF-20-1AVDR', 1103, 'images/Pictures/DH/DongHo/Poptone/LDF-20-1AVDR(1.103.000).jpeg', 'MLDHPT', 'DHAK', '<p>Mặt kính nhựa / Mặt kính hình cầu.</p>\r\n<p>Khả năng chống nước ở độ sâu 50 mét.</p>\r\n<p>Vật liệu vỏ / gờ: Nhựa / Thép không gỉ.</p>\r\n<p>Dây đeo bằng thép không gỉ.</p>\r\n<p>Chốt gập 3 chỉ với một lần bấm.</p>'),
(148, 'Đồng hồ Poptone:LDF-50-1DR', 1103, 'images/Pictures/DH/DongHo/Poptone/LDF-50-1DR(1.103.000).jpeg', 'MLDHPT', 'DHAK', '<p>Mặt kính nhựa / Mặt kính hình cầu.</p>\r\n<p>Khả năng chống nước ở độ sâu 50 mét.</p>\r\n<p>Vật liệu vỏ / gờ: Nhựa / Thép không gỉ.</p>\r\n<p>Dây đeo bằng thép không gỉ.</p>\r\n<p>Chốt gập 3 chỉ với một lần bấm.</p>'),
(149, 'Đồng hồ Poptone:LDF-51-4ADR', 1103, 'images/Pictures/DH/DongHo/Poptone/LDF-51-4ADR(1.103.000).jpeg', 'MLDHPT', 'DHAK', '<p>Mặt kính nhựa / Mặt kính hình cầu.</p>\r\n<p>Khả năng chống nước ở độ sâu 50 mét.</p>\r\n<p>Vật liệu vỏ / gờ: Nhựa / Thép không gỉ.</p>\r\n<p>Dây đeo bằng thép không gỉ.</p>\r\n<p>Chốt gập 3 chỉ với một lần bấm.</p>'),
(150, 'Đồng hồ Poptone:LDF-52-6ADR', 1148, 'images/Pictures/DH/DongHo/Poptone/LDF-52-6ADR(1.148.000).jpeg', 'MLDHPT', 'DHAK', '<p>Mặt kính nhựa / Mặt kính hình cầu.</p>\r\n<p>Khả năng chống nước ở độ sâu 50 mét.</p>\r\n<p>Vật liệu vỏ / gờ: Nhựa / Thép không gỉ.</p>\r\n<p>Dây đeo bằng thép không gỉ.</p>\r\n<p>Chốt gập 3 chỉ với một lần bấm.</p>'),
(151, 'Đồng hồ Poptone:LDF-52-7ADR', 1148, 'images/Pictures/DH/DongHo/Poptone/LDF-52-7ADR(1.148.000).jpeg', 'MLDHPT', 'DHAK', '<p>Mặt kính nhựa / Mặt kính hình cầu.</p>\r\n<p>Khả năng chống nước ở độ sâu 50 mét.</p>\r\n<p>Vật liệu vỏ / gờ: Nhựa / Thép không gỉ.</p>\r\n<p>Dây đeo bằng thép không gỉ.</p>\r\n<p>Chốt gập 3 chỉ với một lần bấm.</p>'),
(152, 'Đồng hồ Protrek:PRW-3000-4BDR', 9000, 'images/Pictures/DH/DongHo/Protrek/PRW-3000-4BDR(9.000.000).png', 'MLDHPRO', 'DHAK', '<p>Gờ định hướng.</p>\r\n<p>Mặt kính khoáng.</p>\r\n<p>Chống nước ở độ sâu 200 mét.</p>\r\n<p>Vật liệu vỏ / gờ: Nhựa / Thép không gỉ.</p>\r\n<p>Dây đeo bằng nhựa.</p>'),
(153, 'Đồng hồ Protrek:PRG-270-4ADR', 6255, 'images/Pictures/DH/DongHo/Protrek/PRG-270-4ADR(6.255.000).png', 'MLDHPRO', 'DHAK', '<p>Gờ định hướng.</p>\r\n<p>Mặt kính khoáng.</p>\r\n<p>Chống nước ở độ sâu 200 mét.</p>\r\n<p>Vật liệu vỏ / gờ: Nhựa / Thép không gỉ.</p>\r\n<p>Dây đeo bằng nhựa.</p>'),
(154, 'Đồng hồ Protrek:PRG-270D-7DR', 7830, 'images/Pictures/DH/DongHo/Protrek/PRG-270D-7DR(7.830.000).png', 'MLDHPRO', 'DHAK', '<p>Gờ định hướng.</p>\r\n<p>Mặt kính khoáng.</p>\r\n<p>Chống nước ở độ sâu 200 mét.</p>\r\n<p>Vật liệu vỏ / gờ: Nhựa / Thép không gỉ.</p>\r\n<p>Dây đeo bằng nhựa.</p>'),
(155, 'Đồng hồ Protrek:PRG-550B-5DR', 11723, 'images/Pictures/DH/DongHo/Protrek/PRG-550B-5DR(11.723.000).jpeg', 'MLDHPRO', 'DHAK', '<p>Gờ định hướng.</p>\r\n<p>Mặt kính khoáng.</p>\r\n<p>Chống nước ở độ sâu 200 mét.</p>\r\n<p>Vật liệu vỏ / gờ: Nhựa / Thép không gỉ.</p>\r\n<p>Dây đeo bằng nhựa.</p>'),
(156, 'Đồng hồ Protrek:PRW-3000-2BDR', 9000, 'images/Pictures/DH/DongHo/Protrek/PRW-3000-2BDR(9.000.000).png', 'MLDHPRO', 'DHAK', '<p>Gờ định hướng.</p>\r\n<p>Mặt kính khoáng.</p>\r\n<p>Chống nước ở độ sâu 200 mét.</p>\r\n<p>Vật liệu vỏ / gờ: Nhựa / Thép không gỉ.</p>\r\n<p>Dây đeo bằng nhựa.</p>'),
(157, 'Đông hồ Protrek:PRW-6000-1DR', 13275, 'images/Pictures/DH/DongHo/Protrek/PRW-6000-1DR(13.275.000).png', 'MLDHPRO', 'DHAK', '<p>Gờ định hướng.</p>\r\n<p>Mặt kính khoáng.</p>\r\n<p>Chống nước ở độ sâu 200 mét.</p>\r\n<p>Vật liệu vỏ / gờ: Nhựa / Thép không gỉ.</p>\r\n<p>Dây đeo bằng nhựa.</p>'),
(158, 'Đông hồ Protrek:PRW-6000Y-1DR', 15615, 'images/Pictures/DH/DongHo/Protrek/PRW-6000Y-1DR(15.615.000).png', 'MLDHPRO', 'DHAK', '<p>Gờ định hướng.</p>\r\n<p>Mặt kính khoáng.</p>\r\n<p>Chống nước ở độ sâu 200 mét.</p>\r\n<p>Vật liệu vỏ / gờ: Nhựa / Thép không gỉ.</p>\r\n<p>Dây đeo bằng nhựa.</p>'),
(159, 'Đồng hồ Sheen:SHE-3023L-7ADR', 4319, 'images/Pictures/DH/DongHo/Sheen/SHE-3023L-7ADR(4.320.000).jpeg', 'MLDHSH', 'DHAK', '<p>Mặt kính saphia.</p>\r\n<p>Nắp sau khóa bằng vít.</p>\r\n<p>Khả năng chống nước ở độ sâu 50 mét.</p>\r\n<p>Vật liệu vỏ / gờ: Thép không gỉ.</p>\r\n<p>Chốt gập 3 chỉ với một lần bấm.</p>\r\n<p>Dây đeo bằng da thật.</p>'),
(160, 'Đồng hồ Sheen:SHE-3025L-4ADR', 5108, 'images/Pictures/DH/DongHo/Sheen/SHE-3025L-4ADR(5.108.000).jpeg', 'MLDHSH', 'DHAK', '<p>Mặt kính saphia.</p>\r\n<p>Nắp sau khóa bằng vít.</p>\r\n<p>Khả năng chống nước ở độ sâu 50 mét.</p>\r\n<p>Vật liệu vỏ / gờ: Thép không gỉ.</p>\r\n<p>Chốt gập 3 chỉ với một lần bấm.</p>\r\n<p>Dây đeo bằng da thật.</p>'),
(161, 'Đồng hồ Sheen:SHE-3026L-7A2UDR', 5108, 'images/Pictures/DH/DongHo/Sheen/SHE-3026L-7A2UDR(5.108.000).jpeg', 'MLDHSH', 'DHAK', '<p>Mặt kính saphia.</p>\r\n<p>Nắp sau khóa bằng vít.</p>\r\n<p>Khả năng chống nước ở độ sâu 50 mét.</p>\r\n<p>Vật liệu vỏ / gờ: Thép không gỉ.</p>\r\n<p>Chốt gập 3 chỉ với một lần bấm.</p>\r\n<p>Dây đeo bằng da thật.</p>'),
(162, 'Đồng hồ Sheen:SHE-3028L-2AUDR', 4703, 'images/Pictures/DH/DongHo/Sheen/SHE-3028L-2AUDR(4.703.000).jpeg', 'MLDHSH', 'DHAK', '<p>Mặt kính saphia.</p>\r\n<p>Nắp sau khóa bằng vít.</p>\r\n<p>Khả năng chống nước ở độ sâu 50 mét.</p>\r\n<p>Vật liệu vỏ / gờ: Thép không gỉ.</p>\r\n<p>Chốt gập 3 chỉ với một lần bấm.</p>\r\n<p>Dây đeo bằng da thật.</p>'),
(163, 'Đồng hồ Sheen:SHE-3030BGDL-9AUDR', 5108, 'images/Pictures/DH/DongHo/Sheen/SHE-3030BGDL-9AUDR(5.108.000).png', 'MLDHSH', 'DHAK', '<p>Mặt kính saphia.</p>\r\n<p>Nắp sau khóa bằng vít.</p>\r\n<p>Khả năng chống nước ở độ sâu 50 mét.</p>\r\n<p>Vật liệu vỏ / gờ: Thép không gỉ.</p>\r\n<p>Chốt gập 3 chỉ với một lần bấm.</p>\r\n<p>Dây đeo bằng da thật.</p>'),
(164, 'Đồng hồ Sheen:SHE-3030BSG-7AUDR', 5108, 'images/Pictures/DH/DongHo/Sheen/SHE-3030BSG-7AUDR(5.108.000).png', 'MLDHSH', 'DHAK', '<p>Mặt kính saphia.</p>\r\n<p>Nắp sau khóa bằng vít.</p>\r\n<p>Khả năng chống nước ở độ sâu 50 mét.</p>\r\n<p>Vật liệu vỏ / gờ: Thép không gỉ.</p>\r\n<p>Chốt gập 3 chỉ với một lần bấm.</p>\r\n<p>Dây đeo bằng da thật.</p>'),
(165, 'Đồng hồ Sheen:SHE-3030GL-2AUDR', 3555, 'images/Pictures/DH/DongHo/Sheen/SHE-3030GL-2AUDR(3.555.000).png', 'MLDHSH', 'DHAK', '<p>Mặt kính saphia.</p>\r\n<p>Nắp sau khóa bằng vít.</p>\r\n<p>Khả năng chống nước ở độ sâu 50 mét.</p>\r\n<p>Vật liệu vỏ / gờ: Thép không gỉ.</p>\r\n<p>Chốt gập 3 chỉ với một lần bấm.</p>\r\n<p>Dây đeo bằng da thật.</p>'),
(166, 'Đồng hồ Sheen:SHE-3031L-7AUDR', 4703, 'images/Pictures/DH/DongHo/Sheen/SHE-3031L-7AUDR(4.703.000).png', 'MLDHSH', 'DHAK', '<p>Mặt kính saphia.</p>\r\n<p>Nắp sau khóa bằng vít.</p>\r\n<p>Khả năng chống nước ở độ sâu 50 mét.</p>\r\n<p>Vật liệu vỏ / gờ: Thép không gỉ.</p>\r\n<p>Chốt gập 3 chỉ với một lần bấm.</p>\r\n<p>Dây đeo bằng da thật.</p>'),
(167, 'Đồng hồ Sheen:SHE-3034GL-4AUDR', 4703, 'images/Pictures/DH/DongHo/Sheen/SHE-3034GL-4AUDR(4.703.000).png', 'MLDHSH', 'DHAK', '<p>Mặt kính saphia.</p>\r\n<p>Nắp sau khóa bằng vít.</p>\r\n<p>Khả năng chống nước ở độ sâu 50 mét.</p>\r\n<p>Vật liệu vỏ / gờ: Thép không gỉ.</p>\r\n<p>Chốt gập 3 chỉ với một lần bấm.</p>\r\n<p>Dây đeo bằng da thật.</p>'),
(168, 'Đồng hồ Sheen:SHE-3504L-7AUDR', 7043, 'images/Pictures/DH/DongHo/Sheen/SHE-3504L-7AUDR(7.043.000).jpeg', 'MLDHSH', 'DHAK', '<p>Mặt kính saphia.</p>\r\n<p>Nắp sau khóa bằng vít.</p>\r\n<p>Khả năng chống nước ở độ sâu 50 mét.</p>\r\n<p>Vật liệu vỏ / gờ: Thép không gỉ.</p>\r\n<p>Chốt gập 3 chỉ với một lần bấm.</p>\r\n<p>Dây đeo bằng da thật.</p>'),
(169, 'Đồng hồ Sheen:SHE-4510D-7AUDR', 6255, 'images/Pictures/DH/DongHo/Sheen/SHE-4510D-7AUDR(6.255.000).jpeg', 'MLDHSH', 'DHAK', '<p>Mặt kính saphia.</p>\r\n<p>Nắp sau khóa bằng vít.</p>\r\n<p>Khả năng chống nước ở độ sâu 50 mét.</p>\r\n<p>Vật liệu vỏ / gờ: Thép không gỉ.</p>\r\n<p>Chốt gập 3 chỉ với một lần bấm.</p>\r\n<p>Dây đeo bằng da thật.</p>'),
(170, 'Đồng Hồ Standard:\\AD-S800WH-2A2VDF', 1980, 'images/Pictures/DH/DongHo/Standard/AD-S800WH-2A2VDF(1.980.000).jpeg', 'MLDHSTA', 'DHAK', '<p>ONG BATTERY LIFE (Tuổi thọ pin):Pin kéo dài ít nhất 3 năm. Con số cho biết tuổi thọ pin thực tế.</p>\r\n<p>WATER RESISTANT (Chống nước): Chữ BAR cho biết số đơn vi áp suất mà tính năng chống nước của đồng hồ có thể chịu được. 5 Bar nghĩa là có thể chống nước tới 5 đơn vị áp suất <=>(50m).</p>\r\n<p>SCREW LOCK BACK (Mặt sau khóa vít).</p>\r\n<p>CLOTH BAND (Dây vải).</p>\r\n<p>MINERAL GLASS (Kính khoáng): Mặt kính rắn chắc hạn chế tối đa trầy xước.</p>'),
(171, 'Đồng Hồ Standard:AE-1000WD-1AVDF', 1035, 'images/Pictures/DH/DongHo/Standard/AE-1000WD-1AVDF(1.035.000).jpeg', 'MLDHSTA', 'DHAK', '<p>ONG BATTERY LIFE (Tuổi thọ pin):Pin kéo dài ít nhất 3 năm. Con số cho biết tuổi thọ pin thực tế.</p>\r\n<p>WATER RESISTANT (Chống nước): Chữ BAR cho biết số đơn vi áp suất mà tính năng chống nước của đồng hồ có thể chịu được. 5 Bar nghĩa là có thể chống nước tới 5 đơn vị áp suất <=>(50m).</p>\r\n<p>SCREW LOCK BACK (Mặt sau khóa vít).</p>\r\n<p>CLOTH BAND (Dây vải).</p>\r\n<p>MINERAL GLASS (Kính khoáng): Mặt kính rắn chắc hạn chế tối đa trầy xước.</p>'),
(172, 'Đồng Hồ Standard:AE-2000WD-1AVDF', 1553, 'images/Pictures/DH/DongHo/Standard/AE-2000WD-1AVDF(1.553.000).jpeg', 'MLDHSTA', 'DHAK', '<p>ONG BATTERY LIFE (Tuổi thọ pin):Pin kéo dài ít nhất 3 năm. Con số cho biết tuổi thọ pin thực tế.</p>\r\n<p>WATER RESISTANT (Chống nước): Chữ BAR cho biết số đơn vi áp suất mà tính năng chống nước của đồng hồ có thể chịu được. 5 Bar nghĩa là có thể chống nước tới 5 đơn vị áp suất <=>(50m).</p>\r\n<p>SCREW LOCK BACK (Mặt sau khóa vít).</p>\r\n<p>CLOTH BAND (Dây vải).</p>\r\n<p>MINERAL GLASS (Kính khoáng): Mặt kính rắn chắc hạn chế tối đa trầy xước.</p>'),
(173, 'Đồng Hồ Standard:AMW-710-1AVDF', 2363, 'images/Pictures/DH/DongHo/Standard/AMW-710-1AVDF(2.363.000).jpeg', 'MLDHSTA', 'DHAK', '<p>ONG BATTERY LIFE (Tuổi thọ pin):Pin kéo dài ít nhất 3 năm. Con số cho biết tuổi thọ pin thực tế.</p>\r\n<p>WATER RESISTANT (Chống nước): Chữ BAR cho biết số đơn vi áp suất mà tính năng chống nước của đồng hồ có thể chịu được. 5 Bar nghĩa là có thể chống nước tới 5 đơn vị áp suất <=>(50m).</p>\r\n<p>SCREW LOCK BACK (Mặt sau khóa vít).</p>\r\n<p>CLOTH BAND (Dây vải).</p>\r\n<p>MINERAL GLASS (Kính khoáng): Mặt kính rắn chắc hạn chế tối đa trầy xước.</p>'),
(174, 'Đồng Hồ Standard:AQ-164W-1AVDF', 1530, 'images/Pictures/DH/DongHo/Standard/AQ-164W-1AVDF(1.530.000).jpeg', 'MLDHSTA', 'DHAK', '<p>ONG BATTERY LIFE (Tuổi thọ pin):Pin kéo dài ít nhất 3 năm. Con số cho biết tuổi thọ pin thực tế.</p>\r\n<p>WATER RESISTANT (Chống nước): Chữ BAR cho biết số đơn vi áp suất mà tính năng chống nước của đồng hồ có thể chịu được. 5 Bar nghĩa là có thể chống nước tới 5 đơn vị áp suất <=>(50m).</p>\r\n<p>SCREW LOCK BACK (Mặt sau khóa vít).</p>\r\n<p>CLOTH BAND (Dây vải).</p>\r\n<p>MINERAL GLASS (Kính khoáng): Mặt kính rắn chắc hạn chế tối đa trầy xước.</p>'),
(175, 'Đồng Hồ Standard:AQ-164WD-1AVD', 1530, 'images/Pictures/DH/DongHo/Standard/AQ-164WD-1AVDF(1.530.000).jpeg', 'MLDHSTA', 'DHAK', '<p>ONG BATTERY LIFE (Tuổi thọ pin):Pin kéo dài ít nhất 3 năm. Con số cho biết tuổi thọ pin thực tế.</p>\r\n<p>WATER RESISTANT (Chống nước): Chữ BAR cho biết số đơn vi áp suất mà tính năng chống nước của đồng hồ có thể chịu được. 5 Bar nghĩa là có thể chống nước tới 5 đơn vị áp suất <=>(50m).</p>\r\n<p>SCREW LOCK BACK (Mặt sau khóa vít).</p>\r\n<p>CLOTH BAND (Dây vải).</p>\r\n<p>MINERAL GLASS (Kính khoáng): Mặt kính rắn chắc hạn chế tối đa trầy xước.</p>'),
(176, 'Đồng Hồ Standard:AQ-164WD-7AVDF', 1530, 'images/Pictures/DH/DongHo/Standard/AQ-164WD-7AVDF(1.530.000).jpeg', 'MLDHSTA', 'DHAK', '<p>ONG BATTERY LIFE (Tuổi thọ pin):Pin kéo dài ít nhất 3 năm. Con số cho biết tuổi thọ pin thực tế.</p>\r\n<p>WATER RESISTANT (Chống nước): Chữ BAR cho biết số đơn vi áp suất mà tính năng chống nước của đồng hồ có thể chịu được. 5 Bar nghĩa là có thể chống nước tới 5 đơn vị áp suất <=>(50m).</p>\r\n<p>SCREW LOCK BACK (Mặt sau khóa vít).</p>\r\n<p>CLOTH BAND (Dây vải).</p>\r\n<p>MINERAL GLASS (Kính khoáng): Mặt kính rắn chắc hạn chế tối đa trầy xước.</p>'),
(177, 'Đồng Hồ Standard:AQ-S800W-1B2VDF', 1823, 'images/Pictures/DH/DongHo/Standard/AQ-S800W-1B2VDF(1.823.000).jpeg', 'MLDHSTA', 'DHAK', '<p>ONG BATTERY LIFE (Tuổi thọ pin):Pin kéo dài ít nhất 3 năm. Con số cho biết tuổi thọ pin thực tế.</p>\r\n<p>WATER RESISTANT (Chống nước): Chữ BAR cho biết số đơn vi áp suất mà tính năng chống nước của đồng hồ có thể chịu được. 5 Bar nghĩa là có thể chống nước tới 5 đơn vị áp suất <=>(50m).</p>\r\n<p>SCREW LOCK BACK (Mặt sau khóa vít).</p>\r\n<p>CLOTH BAND (Dây vải).</p>\r\n<p>MINERAL GLASS (Kính khoáng): Mặt kính rắn chắc hạn chế tối đa trầy xước.</p>'),
(178, 'Đồng Hồ Standard:AQ-S810W-1AVDF', 1823, 'images/Pictures/DH/DongHo/Standard/AQ-S810W-1AVDF(1.823.000).jpeg', 'MLDHSTA', 'DHAK', '<p>ONG BATTERY LIFE (Tuổi thọ pin):Pin kéo dài ít nhất 3 năm. Con số cho biết tuổi thọ pin thực tế.</p>\r\n<p>WATER RESISTANT (Chống nước): Chữ BAR cho biết số đơn vi áp suất mà tính năng chống nước của đồng hồ có thể chịu được. 5 Bar nghĩa là có thể chống nước tới 5 đơn vị áp suất <=>(50m).</p>\r\n<p>SCREW LOCK BACK (Mặt sau khóa vít).</p>\r\n<p>CLOTH BAND (Dây vải).</p>\r\n<p>MINERAL GLASS (Kính khoáng): Mặt kính rắn chắc hạn chế tối đa trầy xước.</p>'),
(179, 'Đồng Hồ Standard:AQ-S810WC-3AVDF', 1890, 'images/Pictures/DH/DongHo/Standard/AQ-S810WC-3AVDF(1.890.000).jpeg', 'MLDHSTA', 'DHAK', '<p>ONG BATTERY LIFE (Tuổi thọ pin):Pin kéo dài ít nhất 3 năm. Con số cho biết tuổi thọ pin thực tế.</p>\r\n<p>WATER RESISTANT (Chống nước): Chữ BAR cho biết số đơn vi áp suất mà tính năng chống nước của đồng hồ có thể chịu được. 5 Bar nghĩa là có thể chống nước tới 5 đơn vị áp suất <=>(50m).</p>\r\n<p>SCREW LOCK BACK (Mặt sau khóa vít).</p>\r\n<p>CLOTH BAND (Dây vải).</p>\r\n<p>MINERAL GLASS (Kính khoáng): Mặt kính rắn chắc hạn chế tối đa trầy xước.</p>'),
(180, 'Đồng Hồ Standard:DBC-32-1ADF', 1215, 'images/Pictures/DH/DongHo/Standard/DBC-32-1ADF(1.215.000).jpeg', 'MLDHSTA', 'DHAK', '<p>ONG BATTERY LIFE (Tuổi thọ pin):Pin kéo dài ít nhất 3 năm. Con số cho biết tuổi thọ pin thực tế.</p>\r\n<p>WATER RESISTANT (Chống nước): Chữ BAR cho biết số đơn vi áp suất mà tính năng chống nước của đồng hồ có thể chịu được. 5 Bar nghĩa là có thể chống nước tới 5 đơn vị áp suất <=>(50m).</p>\r\n<p>SCREW LOCK BACK (Mặt sau khóa vít).</p>\r\n<p>CLOTH BAND (Dây vải).</p>\r\n<p>MINERAL GLASS (Kính khoáng): Mặt kính rắn chắc hạn chế tối đa trầy xước.</p>'),
(181, 'Đồng Hồ Standard:LTR-16B-2EVDF', 1193, 'images/Pictures/DH/DongHo/Standard/LTR-16B-2EVDF(1.193.000).jpeg', 'MLDHSTA', 'DHAK', '<p>ONG BATTERY LIFE (Tuổi thọ pin):Pin kéo dài ít nhất 3 năm. Con số cho biết tuổi thọ pin thực tế.</p>\r\n<p>WATER RESISTANT (Chống nước): Chữ BAR cho biết số đơn vi áp suất mà tính năng chống nước của đồng hồ có thể chịu được. 5 Bar nghĩa là có thể chống nước tới 5 đơn vị áp suất <=>(50m).</p>\r\n<p>SCREW LOCK BACK (Mặt sau khóa vít).</p>\r\n<p>CLOTH BAND (Dây vải).</p>\r\n<p>MINERAL GLASS (Kính khoáng): Mặt kính rắn chắc hạn chế tối đa trầy xước.</p>'),
(182, 'Đồng hồ G-Shock:GA-100A-7ADR', 2599, 'images/Pictures/DH/DongHo/G-Shock/GA-100A-7ADR(2.599.000).jpg', 'MLDHGS', 'DHAK', '<p>LED LIGHT WITH AUTO LIGHT SWICH(đèn phát quang tự động): Điốt phát quang (LED)dùng để chiếu sáng mặt/màn hình đồng hồ. Đèn tự động chiếu sáng màn hình khi đồng hồ hướng về phía bạn.</p>\r\n<p>WORLD TIME :Hiển thị giờ hiện hành tại các thành phố lớn và các khu vực cụ thể trên thế giới. R:giờ hiện hành tại các thành phố lớn trên thế giới. Con số này cho biết mã số thành phố/khu vực.</p>\r\n<p>COUNTDOWN TIMER (Đếm ngược):Con số cho biết số lần sẵn có, trong khi chỉ số thời gian cho biết thời gian bắt đầu tối đa. REPEAT chỉ tự động khởi động lại lần đếm giờ khi kết thúc đếm ngược.</p>\r\n<p>SNOOZE FEATURE (Báo lại): Mỗi lần bạn tắt báo thức, đồng hồ sẽ báo thức lại trong mỗi 5 phút.</p>\r\n<p>FULL AUTO CALENDAR (Lịch tự động hoàn toàn):Cho phép tự động sắp xếp tháng có độ dài khác nhau, bao gồm cả năm nhuần.</p>\r\n<p>12/24-HOUR TIMEKEEPING (Kiểu hiển thị thời gian):Thời gian có thể được hiển thị hoặc là kiểu 12h hoặc là kiểu 24h.</p>\r\n<p>WATER RESISTANT (Chống nước): Chữ BAR cho biết số đơn vi áp suất mà tính năng chống nước của đồng hồ có thể chịu được. 20 Bar nghĩa là có thể chống nước tới 20 đơn vị áp suất <=>(200m).</p>\r\n<p>RESIN BAND (Dây nhựa).</p>\r\n<p>DAILY ALARM, HOURLY TIME SIGNAL (Báo thức hằng ngày, báo theo giờ):Báo thức hằng ngày vang lên mỗi ngày vào giờ bạn đã cài đặt. Con số cho biết bao nhiêu lần báo thức có thể vào mỗi ngày.</p>\r\n<p>MINERAL GLASS (Kính khoáng): Mặt kính rắn chắc hạn chế tối đa trầy xước.</p>\r\n<p>SHOCK RESISTANT (chống va đập) Shock resistant construction protects against impact and vibration : Cấu trúc chống sốc giúp bảo vệ, chống lại tác động và sự rung mạnh.</p>\r\n<p>MAGNETIC RESISTANT (chống từ) This watch is designed to maintain normal performance in DC magnetic fields up to 4800 A/m : Đồng hồ này được thiết kế để duy trì hiệu suất bình thường trong các lĩnh vực từ trường DC lên tới 4800 A/m.</p>');
INSERT INTO `sanpham` (`Masanpham`, `Tensanpham`, `Dongia`, `Hinhanh`, `MaLoai`, `MaNCC`, `chitiet`) VALUES
(183, 'Đồng hồ G-Shock:GA-110C-7AHDR', 3072, 'images/Pictures/DH/DongHo/G-Shock/GA-110C-7AHDR(3.072.000).jpg', 'MLDHGS', 'DHAK', '<p>LED LIGHT WITH AUTO LIGHT SWICH(đèn phát quang tự động): Điốt phát quang (LED)dùng để chiếu sáng mặt/màn hình đồng hồ. Đèn tự động chiếu sáng màn hình khi đồng hồ hướng về phía bạn.</p>\r\n<p>WORLD TIME :Hiển thị giờ hiện hành tại các thành phố lớn và các khu vực cụ thể trên thế giới. R:giờ hiện hành tại các thành phố lớn trên thế giới. Con số này cho biết mã số thành phố/khu vực.</p>\r\n<p>COUNTDOWN TIMER (Đếm ngược):Con số cho biết số lần sẵn có, trong khi chỉ số thời gian cho biết thời gian bắt đầu tối đa. REPEAT chỉ tự động khởi động lại lần đếm giờ khi kết thúc đếm ngược.</p>\r\n<p>SNOOZE FEATURE (Báo lại): Mỗi lần bạn tắt báo thức, đồng hồ sẽ báo thức lại trong mỗi 5 phút.</p>\r\n<p>FULL AUTO CALENDAR (Lịch tự động hoàn toàn):Cho phép tự động sắp xếp tháng có độ dài khác nhau, bao gồm cả năm nhuần.</p>\r\n<p>12/24-HOUR TIMEKEEPING (Kiểu hiển thị thời gian):Thời gian có thể được hiển thị hoặc là kiểu 12h hoặc là kiểu 24h.</p>\r\n<p>WATER RESISTANT (Chống nước): Chữ BAR cho biết số đơn vi áp suất mà tính năng chống nước của đồng hồ có thể chịu được. 20 Bar nghĩa là có thể chống nước tới 20 đơn vị áp suất <=>(200m).</p>\r\n<p>RESIN BAND (Dây nhựa).</p>\r\n<p>DAILY ALARM, HOURLY TIME SIGNAL (Báo thức hằng ngày, báo theo giờ):Báo thức hằng ngày vang lên mỗi ngày vào giờ bạn đã cài đặt. Con số cho biết bao nhiêu lần báo thức có thể vào mỗi ngày.</p>\r\n<p>MINERAL GLASS (Kính khoáng): Mặt kính rắn chắc hạn chế tối đa trầy xước.</p>\r\n<p>SHOCK RESISTANT (chống va đập) Shock resistant construction protects against impact and vibration : Cấu trúc chống sốc giúp bảo vệ, chống lại tác động và sự rung mạnh.</p>\r\n<p>MAGNETIC RESISTANT (chống từ) This watch is designed to maintain normal performance in DC magnetic fields up to 4800 A/m : Đồng hồ này được thiết kế để duy trì hiệu suất bình thường trong các lĩnh vực từ trường DC lên tới 4800 A/m.</p>'),
(184, 'Đồng hồ G-Shock:GA-110CM-8ADR', 4631, 'images/Pictures/DH/DongHo/G-Shock/GA-110CM-8ADR(4.631.000).jpg', 'MLDHGS', 'DHAK', '<p>LED LIGHT WITH AUTO LIGHT SWICH(đèn phát quang tự động): Điốt phát quang (LED)dùng để chiếu sáng mặt/màn hình đồng hồ. Đèn tự động chiếu sáng màn hình khi đồng hồ hướng về phía bạn.</p>\r\n<p>WORLD TIME :Hiển thị giờ hiện hành tại các thành phố lớn và các khu vực cụ thể trên thế giới. R:giờ hiện hành tại các thành phố lớn trên thế giới. Con số này cho biết mã số thành phố/khu vực.</p>\r\n<p>COUNTDOWN TIMER (Đếm ngược):Con số cho biết số lần sẵn có, trong khi chỉ số thời gian cho biết thời gian bắt đầu tối đa. REPEAT chỉ tự động khởi động lại lần đếm giờ khi kết thúc đếm ngược.</p>\r\n<p>SNOOZE FEATURE (Báo lại): Mỗi lần bạn tắt báo thức, đồng hồ sẽ báo thức lại trong mỗi 5 phút.</p>\r\n<p>FULL AUTO CALENDAR (Lịch tự động hoàn toàn):Cho phép tự động sắp xếp tháng có độ dài khác nhau, bao gồm cả năm nhuần.</p>\r\n<p>12/24-HOUR TIMEKEEPING (Kiểu hiển thị thời gian):Thời gian có thể được hiển thị hoặc là kiểu 12h hoặc là kiểu 24h.</p>\r\n<p>WATER RESISTANT (Chống nước): Chữ BAR cho biết số đơn vi áp suất mà tính năng chống nước của đồng hồ có thể chịu được. 20 Bar nghĩa là có thể chống nước tới 20 đơn vị áp suất <=>(200m).</p>\r\n<p>RESIN BAND (Dây nhựa).</p>\r\n<p>DAILY ALARM, HOURLY TIME SIGNAL (Báo thức hằng ngày, báo theo giờ):Báo thức hằng ngày vang lên mỗi ngày vào giờ bạn đã cài đặt. Con số cho biết bao nhiêu lần báo thức có thể vào mỗi ngày.</p>\r\n<p>MINERAL GLASS (Kính khoáng): Mặt kính rắn chắc hạn chế tối đa trầy xước.</p>\r\n<p>SHOCK RESISTANT (chống va đập) Shock resistant construction protects against impact and vibration : Cấu trúc chống sốc giúp bảo vệ, chống lại tác động và sự rung mạnh.</p>\r\n<p>MAGNETIC RESISTANT (chống từ) This watch is designed to maintain normal performance in DC magnetic fields up to 4800 A/m : Đồng hồ này được thiết kế để duy trì hiệu suất bình thường trong các lĩnh vực từ trường DC lên tới 4800 A/m.</p>'),
(185, 'Đồng hồ G-Shock:GA-300A-5ADR', 4536, 'images/Pictures/DH/DongHo/G-Shock/GA-300A-5ADR(4.536.000).jpg', 'MLDHGS', 'DHAK', '<p>LED LIGHT WITH AUTO LIGHT SWICH(đèn phát quang tự động): Điốt phát quang (LED)dùng để chiếu sáng mặt/màn hình đồng hồ. Đèn tự động chiếu sáng màn hình khi đồng hồ hướng về phía bạn.</p>\r\n<p>WORLD TIME :Hiển thị giờ hiện hành tại các thành phố lớn và các khu vực cụ thể trên thế giới. R:giờ hiện hành tại các thành phố lớn trên thế giới. Con số này cho biết mã số thành phố/khu vực.</p>\r\n<p>COUNTDOWN TIMER (Đếm ngược):Con số cho biết số lần sẵn có, trong khi chỉ số thời gian cho biết thời gian bắt đầu tối đa. REPEAT chỉ tự động khởi động lại lần đếm giờ khi kết thúc đếm ngược.</p>\r\n<p>SNOOZE FEATURE (Báo lại): Mỗi lần bạn tắt báo thức, đồng hồ sẽ báo thức lại trong mỗi 5 phút.</p>\r\n<p>FULL AUTO CALENDAR (Lịch tự động hoàn toàn):Cho phép tự động sắp xếp tháng có độ dài khác nhau, bao gồm cả năm nhuần.</p>\r\n<p>12/24-HOUR TIMEKEEPING (Kiểu hiển thị thời gian):Thời gian có thể được hiển thị hoặc là kiểu 12h hoặc là kiểu 24h.</p>\r\n<p>WATER RESISTANT (Chống nước): Chữ BAR cho biết số đơn vi áp suất mà tính năng chống nước của đồng hồ có thể chịu được. 20 Bar nghĩa là có thể chống nước tới 20 đơn vị áp suất <=>(200m).</p>\r\n<p>RESIN BAND (Dây nhựa).</p>\r\n<p>DAILY ALARM, HOURLY TIME SIGNAL (Báo thức hằng ngày, báo theo giờ):Báo thức hằng ngày vang lên mỗi ngày vào giờ bạn đã cài đặt. Con số cho biết bao nhiêu lần báo thức có thể vào mỗi ngày.</p>\r\n<p>MINERAL GLASS (Kính khoáng): Mặt kính rắn chắc hạn chế tối đa trầy xước.</p>\r\n<p>SHOCK RESISTANT (chống va đập) Shock resistant construction protects against impact and vibration : Cấu trúc chống sốc giúp bảo vệ, chống lại tác động và sự rung mạnh.</p>\r\n<p>MAGNETIC RESISTANT (chống từ) This watch is designed to maintain normal performance in DC magnetic fields up to 4800 A/m : Đồng hồ này được thiết kế để duy trì hiệu suất bình thường trong các lĩnh vực từ trường DC lên tới 4800 A/m.</p>'),
(186, 'Đồng hồ G-Shock:GA-400-9BDR', 3851, 'images/Pictures/DH/DongHo/G-Shock/GA-400-9BDR(3.851.000).jpg', 'MLDHGS', 'DHAK', '<p>LED LIGHT WITH AUTO LIGHT SWICH(đèn phát quang tự động): Điốt phát quang (LED)dùng để chiếu sáng mặt/màn hình đồng hồ. Đèn tự động chiếu sáng màn hình khi đồng hồ hướng về phía bạn.</p>\r\n<p>WORLD TIME :Hiển thị giờ hiện hành tại các thành phố lớn và các khu vực cụ thể trên thế giới. R:giờ hiện hành tại các thành phố lớn trên thế giới. Con số này cho biết mã số thành phố/khu vực.</p>\r\n<p>COUNTDOWN TIMER (Đếm ngược):Con số cho biết số lần sẵn có, trong khi chỉ số thời gian cho biết thời gian bắt đầu tối đa. REPEAT chỉ tự động khởi động lại lần đếm giờ khi kết thúc đếm ngược.</p>\r\n<p>SNOOZE FEATURE (Báo lại): Mỗi lần bạn tắt báo thức, đồng hồ sẽ báo thức lại trong mỗi 5 phút.</p>\r\n<p>FULL AUTO CALENDAR (Lịch tự động hoàn toàn):Cho phép tự động sắp xếp tháng có độ dài khác nhau, bao gồm cả năm nhuần.</p>\r\n<p>12/24-HOUR TIMEKEEPING (Kiểu hiển thị thời gian):Thời gian có thể được hiển thị hoặc là kiểu 12h hoặc là kiểu 24h.</p>\r\n<p>WATER RESISTANT (Chống nước): Chữ BAR cho biết số đơn vi áp suất mà tính năng chống nước của đồng hồ có thể chịu được. 20 Bar nghĩa là có thể chống nước tới 20 đơn vị áp suất <=>(200m).</p>\r\n<p>RESIN BAND (Dây nhựa).</p>\r\n<p>DAILY ALARM, HOURLY TIME SIGNAL (Báo thức hằng ngày, báo theo giờ):Báo thức hằng ngày vang lên mỗi ngày vào giờ bạn đã cài đặt. Con số cho biết bao nhiêu lần báo thức có thể vào mỗi ngày.</p>\r\n<p>MINERAL GLASS (Kính khoáng): Mặt kính rắn chắc hạn chế tối đa trầy xước.</p>\r\n<p>SHOCK RESISTANT (chống va đập) Shock resistant construction protects against impact and vibration : Cấu trúc chống sốc giúp bảo vệ, chống lại tác động và sự rung mạnh.</p>\r\n<p>MAGNETIC RESISTANT (chống từ) This watch is designed to maintain normal performance in DC magnetic fields up to 4800 A/m : Đồng hồ này được thiết kế để duy trì hiệu suất bình thường trong các lĩnh vực từ trường DC lên tới 4800 A/m.</p>'),
(187, 'Đồng hồ G-Shock:GA-1000-1BDR', 7041, 'images/Pictures/DH/DongHo/G-Shock/GA-1000-1BDR(7.041.000).jpg', 'MLDHGS', 'DHAK', '<p>LED LIGHT WITH AUTO LIGHT SWICH(đèn phát quang tự động): Điốt phát quang (LED)dùng để chiếu sáng mặt/màn hình đồng hồ. Đèn tự động chiếu sáng màn hình khi đồng hồ hướng về phía bạn.</p>\r\n<p>WORLD TIME :Hiển thị giờ hiện hành tại các thành phố lớn và các khu vực cụ thể trên thế giới. R:giờ hiện hành tại các thành phố lớn trên thế giới. Con số này cho biết mã số thành phố/khu vực.</p>\r\n<p>COUNTDOWN TIMER (Đếm ngược):Con số cho biết số lần sẵn có, trong khi chỉ số thời gian cho biết thời gian bắt đầu tối đa. REPEAT chỉ tự động khởi động lại lần đếm giờ khi kết thúc đếm ngược.</p>\r\n<p>SNOOZE FEATURE (Báo lại): Mỗi lần bạn tắt báo thức, đồng hồ sẽ báo thức lại trong mỗi 5 phút.</p>\r\n<p>FULL AUTO CALENDAR (Lịch tự động hoàn toàn):Cho phép tự động sắp xếp tháng có độ dài khác nhau, bao gồm cả năm nhuần.</p>\r\n<p>12/24-HOUR TIMEKEEPING (Kiểu hiển thị thời gian):Thời gian có thể được hiển thị hoặc là kiểu 12h hoặc là kiểu 24h.</p>\r\n<p>WATER RESISTANT (Chống nước): Chữ BAR cho biết số đơn vi áp suất mà tính năng chống nước của đồng hồ có thể chịu được. 20 Bar nghĩa là có thể chống nước tới 20 đơn vị áp suất <=>(200m).</p>\r\n<p>RESIN BAND (Dây nhựa).</p>\r\n<p>DAILY ALARM, HOURLY TIME SIGNAL (Báo thức hằng ngày, báo theo giờ):Báo thức hằng ngày vang lên mỗi ngày vào giờ bạn đã cài đặt. Con số cho biết bao nhiêu lần báo thức có thể vào mỗi ngày.</p>\r\n<p>MINERAL GLASS (Kính khoáng): Mặt kính rắn chắc hạn chế tối đa trầy xước.</p>\r\n<p>SHOCK RESISTANT (chống va đập) Shock resistant construction protects against impact and vibration : Cấu trúc chống sốc giúp bảo vệ, chống lại tác động và sự rung mạnh.</p>\r\n<p>MAGNETIC RESISTANT (chống từ) This watch is designed to maintain normal performance in DC magnetic fields up to 4800 A/m : Đồng hồ này được thiết kế để duy trì hiệu suất bình thường trong các lĩnh vực từ trường DC lên tới 4800 A/m.</p>'),
(188, 'Đồng hồ G-Shock:GW-9400-1DR', 9380, 'images/Pictures/DH/DongHo/G-Shock/GW-9400-1DR(9.380.000).jpg', 'MLDHGS', 'DHAK', '<p>LED LIGHT WITH AUTO LIGHT SWICH(đèn phát quang tự động): Điốt phát quang (LED)dùng để chiếu sáng mặt/màn hình đồng hồ. Đèn tự động chiếu sáng màn hình khi đồng hồ hướng về phía bạn.</p>\r\n<p>WORLD TIME :Hiển thị giờ hiện hành tại các thành phố lớn và các khu vực cụ thể trên thế giới. R:giờ hiện hành tại các thành phố lớn trên thế giới. Con số này cho biết mã số thành phố/khu vực.</p>\r\n<p>COUNTDOWN TIMER (Đếm ngược):Con số cho biết số lần sẵn có, trong khi chỉ số thời gian cho biết thời gian bắt đầu tối đa. REPEAT chỉ tự động khởi động lại lần đếm giờ khi kết thúc đếm ngược.</p>\r\n<p>SNOOZE FEATURE (Báo lại): Mỗi lần bạn tắt báo thức, đồng hồ sẽ báo thức lại trong mỗi 5 phút.</p>\r\n<p>FULL AUTO CALENDAR (Lịch tự động hoàn toàn):Cho phép tự động sắp xếp tháng có độ dài khác nhau, bao gồm cả năm nhuần.</p>\r\n<p>12/24-HOUR TIMEKEEPING (Kiểu hiển thị thời gian):Thời gian có thể được hiển thị hoặc là kiểu 12h hoặc là kiểu 24h.</p>\r\n<p>WATER RESISTANT (Chống nước): Chữ BAR cho biết số đơn vi áp suất mà tính năng chống nước của đồng hồ có thể chịu được. 20 Bar nghĩa là có thể chống nước tới 20 đơn vị áp suất <=>(200m).</p>\r\n<p>RESIN BAND (Dây nhựa).</p>\r\n<p>DAILY ALARM, HOURLY TIME SIGNAL (Báo thức hằng ngày, báo theo giờ):Báo thức hằng ngày vang lên mỗi ngày vào giờ bạn đã cài đặt. Con số cho biết bao nhiêu lần báo thức có thể vào mỗi ngày.</p>\r\n<p>MINERAL GLASS (Kính khoáng): Mặt kính rắn chắc hạn chế tối đa trầy xước.</p>\r\n<p>SHOCK RESISTANT (chống va đập) Shock resistant construction protects against impact and vibration : Cấu trúc chống sốc giúp bảo vệ, chống lại tác động và sự rung mạnh.</p>\r\n<p>MAGNETIC RESISTANT (chống từ) This watch is designed to maintain normal performance in DC magnetic fields up to 4800 A/m : Đồng hồ này được thiết kế để duy trì hiệu suất bình thường trong các lĩnh vực từ trường DC lên tới 4800 A/m.</p> '),
(189, 'Đồng hồ G-Shock:GW-A1000FC-1A4DR', 16396, 'images/Pictures/DH/DongHo/G-Shock/GW-A1000FC-1A4DR(16.396.000).jpg', 'MLDHGS', 'DHAK', '<p>LED LIGHT WITH AUTO LIGHT SWICH(đèn phát quang tự động): Điốt phát quang (LED)dùng để chiếu sáng mặt/màn hình đồng hồ. Đèn tự động chiếu sáng màn hình khi đồng hồ hướng về phía bạn.</p>\r\n<p>WORLD TIME :Hiển thị giờ hiện hành tại các thành phố lớn và các khu vực cụ thể trên thế giới. R:giờ hiện hành tại các thành phố lớn trên thế giới. Con số này cho biết mã số thành phố/khu vực.</p>\r\n<p>COUNTDOWN TIMER (Đếm ngược):Con số cho biết số lần sẵn có, trong khi chỉ số thời gian cho biết thời gian bắt đầu tối đa. REPEAT chỉ tự động khởi động lại lần đếm giờ khi kết thúc đếm ngược.</p>\r\n<p>SNOOZE FEATURE (Báo lại): Mỗi lần bạn tắt báo thức, đồng hồ sẽ báo thức lại trong mỗi 5 phút.</p>\r\n<p>FULL AUTO CALENDAR (Lịch tự động hoàn toàn):Cho phép tự động sắp xếp tháng có độ dài khác nhau, bao gồm cả năm nhuần.</p>\r\n<p>12/24-HOUR TIMEKEEPING (Kiểu hiển thị thời gian):Thời gian có thể được hiển thị hoặc là kiểu 12h hoặc là kiểu 24h.</p>\r\n<p>WATER RESISTANT (Chống nước): Chữ BAR cho biết số đơn vi áp suất mà tính năng chống nước của đồng hồ có thể chịu được. 20 Bar nghĩa là có thể chống nước tới 20 đơn vị áp suất <=>(200m).</p>\r\n<p>RESIN BAND (Dây nhựa).</p>\r\n<p>DAILY ALARM, HOURLY TIME SIGNAL (Báo thức hằng ngày, báo theo giờ):Báo thức hằng ngày vang lên mỗi ngày vào giờ bạn đã cài đặt. Con số cho biết bao nhiêu lần báo thức có thể vào mỗi ngày.</p>\r\n<p>MINERAL GLASS (Kính khoáng): Mặt kính rắn chắc hạn chế tối đa trầy xước.</p>\r\n<p>SHOCK RESISTANT (chống va đập) Shock resistant construction protects against impact and vibration : Cấu trúc chống sốc giúp bảo vệ, chống lại tác động và sự rung mạnh.</p>\r\n<p>MAGNETIC RESISTANT (chống từ) This watch is designed to maintain normal performance in DC magnetic fields up to 4800 A/m : Đồng hồ này được thiết kế để duy trì hiệu suất bình thường trong các lĩnh vực từ trường DC lên tới 4800 A/m.</p>'),
(190, 'Đồng Hồ Edifice:EF-558D-1AVDF', 5355, 'images/Pictures/DH/DongHo/Edifice/EF-558D-1AVDF(5.355.000).jpeg', 'MLDHEDI', 'DHAK', '<p>Dây đeo mạ ion màu đen.</p>\r\n<p>Vỏ mạ ion màu đen.</p>\r\n<p>Mặt kính khoáng.</p>\r\n<p>Nắp sau khóa bằng vít.</p>\r\n<p>Khả năng chống nước ở độ sâu 100 mét.</p>\r\n<p>Vật liệu vỏ / gờ: Thép không gỉ.</p>\r\n<p>Dây đeo bằng thép không gỉ.</p>\r\n<p>Chốt gập 3 chỉ với một lần bấm.</p>'),
(191, 'Đồng Hồ Edifice:EF-527L-2AVDF', 4680, 'images/Pictures/DH/DongHo/Edifice/EF-527L-2AVDF(4.680.000).jpeg', 'MLDHEDI', 'DHAK', '<p>Dây đeo mạ ion màu đen.</p>\r\n<p>Vỏ mạ ion màu đen.</p>\r\n<p>Mặt kính khoáng.</p>\r\n<p>Nắp sau khóa bằng vít.</p>\r\n<p>Khả năng chống nước ở độ sâu 100 mét.</p>\r\n<p>Vật liệu vỏ / gờ: Thép không gỉ.</p>\r\n<p>Dây đeo bằng thép không gỉ.</p>\r\n<p>Chốt gập 3 chỉ với một lần bấm.</p>'),
(192, 'Đồng Hồ Edifice:EF-130D-1A4VDF', 3060, 'images/Pictures/DH/DongHo/Edifice/EF-130D-1A4VDF(3.060.000).png', 'MLDHEDI', 'DHAK', '<p>Dây đeo mạ ion màu đen.</p>\r\n<p>Vỏ mạ ion màu đen.</p>\r\n<p>Mặt kính khoáng.</p>\r\n<p>Nắp sau khóa bằng vít.</p>\r\n<p>Khả năng chống nước ở độ sâu 100 mét.</p>\r\n<p>Vật liệu vỏ / gờ: Thép không gỉ.</p>\r\n<p>Dây đeo bằng thép không gỉ.</p>\r\n<p>Chốt gập 3 chỉ với một lần bấm.</p>'),
(193, 'Đồng Hồ Edifice:EF-131D-1A9VDF', 3060, 'images/Pictures/DH/DongHo/Edifice/EF-131D-1A9VDF(3.060.000).png', 'MLDHEDI', 'DHAK', '<p>Dây đeo mạ ion màu đen.</p>\r\n<p>Vỏ mạ ion màu đen.</p>\r\n<p>Mặt kính khoáng.</p>\r\n<p>Nắp sau khóa bằng vít.</p>\r\n<p>Khả năng chống nước ở độ sâu 100 mét.</p>\r\n<p>Vật liệu vỏ / gờ: Thép không gỉ.</p>\r\n<p>Dây đeo bằng thép không gỉ.</p>\r\n<p>Chốt gập 3 chỉ với một lần bấm.</p>'),
(194, 'Đồng Hồ Edifice:EF-336L-7AVDF', 2768, 'images/Pictures/DH/DongHo/Edifice/EF-336L-7AVDF(2.768.000).png', 'MLDHEDI', 'DHAK', '<p>Dây đeo mạ ion màu đen.</p>\r\n<p>Vỏ mạ ion màu đen.</p>\r\n<p>Mặt kính khoáng.</p>\r\n<p>Nắp sau khóa bằng vít.</p>\r\n<p>Khả năng chống nước ở độ sâu 100 mét.</p>\r\n<p>Vật liệu vỏ / gờ: Thép không gỉ.</p>\r\n<p>Dây đeo bằng thép không gỉ.</p>\r\n<p>Chốt gập 3 chỉ với một lần bấm.</p>'),
(195, 'Đồng Hồ Edifice:EF-558SG-1AVUDF', 5783, 'images/Pictures/DH/DongHo/Edifice/EF-558SG-1AVUDF(5.783.000).jpeg', 'MLDHEDI', 'DHAK', '<p>Dây đeo mạ ion màu đen.</p>\r\n<p>Vỏ mạ ion màu đen.</p>\r\n<p>Mặt kính khoáng.</p>\r\n<p>Nắp sau khóa bằng vít.</p>\r\n<p>Khả năng chống nước ở độ sâu 100 mét.</p>\r\n<p>Vật liệu vỏ / gờ: Thép không gỉ.</p>\r\n<p>Dây đeo bằng thép không gỉ.</p>\r\n<p>Chốt gập 3 chỉ với một lần bấm.</p>'),
(196, 'Đồng Hồ Edifice:EFR-104BK-1AVUDF', 3915, 'images/Pictures/DH/DongHo/Edifice/EFR-104BK-1AVUDF(3.915.000).png', 'MLDHEDI', 'DHAK', '<p>Dây đeo mạ ion màu đen.</p>\r\n<p>Vỏ mạ ion màu đen.</p>\r\n<p>Mặt kính khoáng.</p>\r\n<p>Nắp sau khóa bằng vít.</p>\r\n<p>Khả năng chống nước ở độ sâu 100 mét.</p>\r\n<p>Vật liệu vỏ / gờ: Thép không gỉ.</p>\r\n<p>Dây đeo bằng thép không gỉ.</p>\r\n<p>Chốt gập 3 chỉ với một lần bấm.</p>');

-- --------------------------------------------------------

--
-- Table structure for table `tintuc`
--

CREATE TABLE IF NOT EXISTS `tintuc` (
  `idTin` int(11) NOT NULL AUTO_INCREMENT,
  `idLoaiTin` varchar(20) CHARACTER SET utf8 NOT NULL,
  `anhDaiDien` text CHARACTER SET utf8 NOT NULL,
  `tieuDe` text CHARACTER SET utf8 NOT NULL,
  `tomTatnd` text CHARACTER SET utf8 NOT NULL,
  `noiDungCT` text CHARACTER SET utf8 NOT NULL,
  PRIMARY KEY (`idTin`),
  KEY `idLoaiTin` (`idLoaiTin`)
) ENGINE=InnoDB  DEFAULT CHARSET=latin1 AUTO_INCREMENT=14 ;

--
-- Dumping data for table `tintuc`
--

INSERT INTO `tintuc` (`idTin`, `idLoaiTin`, `anhDaiDien`, `tieuDe`, `tomTatnd`, `noiDungCT`) VALUES
(1, 'TT', 'images/TT/PNJ_DSC_5078-e1447293911548.jpg', 'Diễn biến thị trường vàng ngày 12/11', 'Giá vàng miếng SJC được niêm yết tại công ty CP Vàng bạc Đá quý Phú Nhuận (PNJ) sáng nay 12/11 tại 2 khu vực TP Hồ Chí Minh, Đà Nẵng tính đến 08h25 đang giao dịch ở cùng mức giá 33.210.000 (Mua vào) – 33.430.000 (Bán ra) đồng/lượng.', '<h1>Diễn biến thị trường vàng ngày 12/11</h1>\r\n12/11/2015\r\n<div>\r\n  <p><strong> – Mở cửa phiên giao dịch sáng nay 12/11, giá vàng giao dịch tại châu Á ở mức  1088.4 USD/oz, giá vàng hôm nay giảm nhẹ so với phiên giao dịch đầu giờ sáng hôm qua 1092.6. Giá vàng miếng SJC được niêm yết tại công ty CP Vàng bạc Đá quý Phú Nhuận (PNJ) sáng nay 12/11 tại 2 khu vực TP Hồ Chí Minh, Đà Nẵng tính đến 08h25 đang giao dịch ở cùng mức giá 33.210.000 (Mua vào) – 33.430.000 (Bán ra) đồng/lượng.</strong></p>\r\n  <p>Tại thị trường Hà Nội, giá vàng miếng SJC đang được niêm yết tại công ty PNJ ở mức giá 33.360.000 (Mua vào) – 33.410.000 (Bán ra) đồng/lượng. Giá vàng miếng PNJ-ĐA được niêm yết ở cùng mức 30.450.000 (Mua vào ) – 30.800.000 (Bán ra) đồng/lượng.  Khoảng cách chênh lệch giữa giá vàng trong nước và giá vàng thế giới ở ngưỡng hơn 3,9 triệu đồng/lượng . </p>\r\n  <p><img alt="PNJ_DSC_5078" height="396" src="images/TT/PNJ_DSC_5078-e1447293911548.jpg" /><br />\r\n    Vàng đã giảm xuống mức thấp nhất trong vòng 3 tháng qua vào hôm thứ Tư bất chấp việc đồng USD suy yếu nhẹ, do áp lực từ kỳ vọng sẽ tăng lãi suất Mỹ trong tháng tiếp theo, cụ thể giá vàng giao ngay đã giảm thêm 0,5% và niêm yết ở mức 1084USD/oz, đây là mức khá thấp trong vòng hơn 5 năm qua.</p>\r\n  <p>Theo các chuyên gia phân tích về vàng cho rằng nếu Fed tăng lãi suất trong tháng 12 thì khả năng vàng sẽ xuống dưới ngưỡng 1050 USD/oz. Giá vàng giảm mạnh trong thời gian gần đây đã kích hoạt một số nhu cầu vật chất ở khu vực tiêu dùng hàng đầu châu Á. Phí bảo hiểm trên các sàn giao dịch vàng Thượng Hải đã tăng 4-5 USD/oz vào hôm thứ Tư. </p>\r\n</div>'),
(2, 'TT', 'images/TT/the-gioi-kim-cuong-490x258.jpg', 'Câu chuyện lịch sử của thế giới kim cương', 'Kim cương là loại đá quý có khả năng phản chiếu ánh sáng đẹp nhất, đồng thời cũng là khoáng chất cứng nhất được tìm thấy trên Trái Đất, nó được tôn sùng như một biểu tượng của sức mạnh, của sự tinh khiết và vẻ đẹp hoàn hảo.', '<p><strong>Kim cương là loại đá quý có khả năng phản chiếu ánh sáng đẹp nhất, đồng thời cũng là khoáng chất cứng nhất được tìm thấy trên Trái Đất, nó được tôn sùng Kim cương là loại đá quý có khả năng phản chiếu ánh sáng đẹp nhất, đồng thời cũng là khoáng chất cứng nhất được tìm thấy trên Trái Đất, nó được tôn sùng như một biểu tượng của sức mạnh, của sự tinh khiết và vẻ đẹp hoàn hảo.</strong></p>\r\n<p><img alt="lich-su-hinh-thanh-kim-cuong--490x367" height="367" src="images/TT/lich-su-hinh-thanh-kim-cuong-490x367.jpg" width="490"></p>\r\n<p><em>Trang sức kim cương khiến phái đẹp thêm phần lộng lẫy &amp; sang trọng</em></p>\r\n<p> </p>\r\n<p><img alt="the-gioi-kim-cuong-490x258" height="258" src="images/TT/the-gioi-kim-cuong-490x258.jpg" width="490"><em>Nếu thế giới kim cương chứa đựng những câu chuyện thú vị </em><em>thì mỗi viên kim cương lại mang một nét duyên đặc biệt</em></p>\r\n<p> </p>\r\n<p>Không có gì nhỏ bé mà lại hấp dẫn nhân loại như kim cương. Nếu thế giới kim cương chứa đựng những câu chuyện thú vị thì mỗi viên kim cương lại mang một nét duyên đặc biệt, một giá trị rất riêng. Kim cương là loại đá quý có khả năng phản chiếu ánh sáng đẹp nhất, đồng thời cũng là khoáng chất cứng nhất được tìm thấy trên trái đất, nó được tôn sùng như một biểu tượng của sức mạnh, của sự tinh khiết và vẻ đẹp hoàn hảo.</p>\r\n<p><br>\r\n  Được khai thác ở độ sâu lớn, khoảng 93 dặm về phía lõi trái đất, những viên kim cương hình thành ở nhiệt độ cao và bắt đầu xuất hiện vào khoảng 4 tỷ năm trước – sớm hơn tổ tiên loài người đến 600 lần. Điều thú vị là loại đá quý hiếm này được cấu tạo từ carbon – khoáng chất phổ biến nhất trên trái đất. Carbon được hình thành từ các vụ nổ của những ngôi sao chết. Khi một ngôi sao phát nổ, nó ném hàng tỷ tấn carbon vào không gian và một phần trong số đó đã bám vào bề mặt hành tinh của chúng ta.</p>\r\n<p><br>\r\n  Các tài liệu đầu tiên ghi chép về việc sử dụng kim cương có niên đại vào năm 800 TCN ở Ấn Độ, mặc dù chúng đã được nhân loại biết đến trong hơn 3 thiên niên kỷ. Đến năm 327 TCN, Alexander Đại đế mang những viên kim cương đầu tiên từ Ấn Độ đến châu Âu.</p>\r\n<p> </p>\r\n<p><img alt="the-gioi-kim-cuong-kim-cuong-tho-e1440064316929-490x292" height="292" src="images/TT/the-gioi-kim-cuong-kim-cuong-tho-e1440064316929-490x292.jpg" width="490"></p>\r\n<p><em>Các tài liệu đầu tiên ghi chép về việc sử dụng kim cương có niên đại vào năm 800 TCN ở Ấn Độ, mặc dù chúng đã được nhân loại biết đến trong hơn 3 thiên niên kỷ.</em></p>\r\n<p><br>\r\n  Trước đó, kim cương không được chế tác như ngày nay, người ta sử dụng kim cương thô và giữ nguyên hình dạng như khi chúng được khai thác từ các mỏ quặng. Nhiều người đeo kim cương bên mình như một loại bùa chú chống lại ma quỷ, những binh sĩ thì xem chúng như bùa may mắn khi ra chiến trường. Người Hy Lạp còn tin rằng kim cương là những mảnh vỡ của các ngôi sao hay những giọt nước mắt của các vị thần. Suốt thời Trung cổ, con người tin rằng nếu họ bắt chéo tay và ôm một viên kim cương vào lòng thì tất cả bệnh tật sẽ được chữa khỏi.</p>\r\n<p><br>\r\n  Trong khi đó, những chủ quặng bắt đầu nhận ra giá trị của ngọc và đá quý. Họ đã lợi dụng sự thiếu hiểu biết của người dân để tung tin đồn rằng kim cương có độc, nhằm tránh tình trang công nhân nuốt kim cương để ăn cắp chúng từ các mỏ.</p>\r\n<p><img alt="the-gioi-kim-cuong-che-tac-kim-cuong-490x367" height="367" src="images/TT/the-gioi-kim-cuong-che-tac-kim-cuong-490x367.jpg" width="490"></p>\r\n<p><em>Chỉ có kim cương mới cắt được kim cương</em></p>\r\n<p><br>\r\n  Trong năm 1458 tại Bỉ, Lodewyk van Berquem lần đầu tiên tìm ra cách cắt một viên kim cương bằng bột kim cương thu được từ những mảnh vỡ, và chỉ có kim cương mới cắt được kim cương. Trong thời Trung cổ, những viên kim cương nổi tiếng như Hope và The Mountain of Light đều được phát hiện ở Ấn Độ.</p>\r\n<p><br>\r\n  Những mỏ kim cương lớn nhất trong lịch sử được tìm thấy ở Golconda, Ấn Độ. Những mỏ này hoạt động trong gần 2.000 năm, kể từ năm 300 TCN đến thế kỷ thứ 18. Hiện nay, tất cả đều đã đóng cửa vì bị khai thác cạn kiệt. Golconda và Borneo là hai nguồn cung cấp kim cương chủ yếu cho đến năm 1752, khi các mỏ khác được phát hiện ở Brazil, khu vực gần sông Cam ở Nam Phi và dọc theo sông Argyle tại Úc.</p>\r\n<p> </p>\r\n<p><img alt="cau-chuyen-the-gioi-kim-cuong-490x482" height="482" src="images/TT/cau-chuyen-the-gioi-kim-cuong-490x482.jpg" width="490"></p>\r\n<p><em>Những mỏ kim cương lớn nhất trong lịch sử được tìm thấy ở Golconda, Ấn Độ</em></p>\r\n<p><br>\r\n  Đến thế kỷ 19, nhu cầu sử dụng kim cương đã cao hơn so với nguồn cung cấp. Các thị trường chợ đen bùng nổ. Gần đây, cùng với dầu mỏ, kim cương trở thành lý do chính đằng sau nhiều cuộc chiến tranh và xung đột ở các nước thuộc thế giới thứ ba.Thế giới kim cương bị phân hóa phức tạp và mang theo gánh nặng chính trị. Xuất hiện trong vùng chiến, cái gọi là &ldquo;kim cương máu&rdquo; đang được bán trên thị trường chợ đen để tài trợ cho quân đội và hỗ trợ khủng bố, đặc biệt là ở miền Trung và Tây Phi. Hội đồng Liên hiệp quốc đã xác định &ldquo;kim cương máu&rdquo; được giao dịch trong năm 1998 như là nguồn lực cho các cuộc chiến tranh tài chính. Trước tình trạng đó, Quy trình Kimberley được thông qua. Đây là chiến dịch tìm kiếm tài liệu về nguồn gốc của những viên kim cương có xuất xứ từ các quốc gia thuộc thế giới thứ ba, nhằm kiểm soát thị trường chợ đen, trả kim cương về đúng với giá trị và ý nghĩa cao quý của nó.</p>\r\n<p><br>\r\n  Marilyn Monroe đã từng nói: &ldquo;Kim cương là người bạn tốt nhất của một cô gái&rdquo;. Quả thực, bất kỳ người phụ nữ nào cũng sẽ hạnh phúc khi sở hữu một viên kim cương. Ngày nay, kinh doanh kim cương đã trở thành một trong những ngành công nghiệp phát triển mạnh nhất trên thế giới với hàng trăm thợ kim hoàn lành nghề có khả năng phân tích, xử lý và định giá cho hàng triệu viên kim cương, để chúng có thể tiếp cận những người phụ nữ đang khao khát một món trang sức hoàn mỹ. Loại đá quý độc nhất vô nhị này luôn được xem là biểu tượng của vẻ đẹp tuyệt đối cũng như sự giàu có tối thượng. Những chiếc nhẫn đính hôn làm từ kim cương đã trở thành lời tuyên thệ cho tình yêu chân thành và sâu sắc. Chiếc nhẫn kim cương đầu tiên trong lịch sử do thợ kim hoàn người Áo Archduke Maximillian làm cho công nương Mary of Burgundy vào năm 1477. Từ thời điểm đó, kim cương chính thức trở thành món quà tuyệt vời dành cho mọi cô gái.</p>\r\n<p> </p>\r\n<p><img alt="lich-su-the-gioi-kim-cuong-490x490" height="490" src="images/TT/lich-su-the-gioi-kim-cuong-490x490.jpg" width="490"></p>\r\n<p><em>Những chiếc nhẫn đính hôn làm từ kim cương đã trở thành lời tuyên thệ cho tình yêu chân thành và sâu sắc</em></p>\r\n<p><br>\r\n  Kích thước không quan trọng khi nói đến kim cương. Một viên kim cương lớn hơn không nhất thiết phải đắt tiền hơn. Có bốn điều cần lưu ý khi mua kim cương: trọng lượng (carat), màu sắc, độ trong (độ lẫn tạp chất) và đường cắt. Hiếm nhất là kim cương không màu, phổ biến nhất là kim cương màu vàng, trong khi những viên đắt nhất thường có màu hồng, màu xanh hoặc xanh lá cây. Sự trong suốt thể hiện mức độ tinh khiết của vật liệu. Nếu nó có tạp chất, giá trị của nó sẽ giảm xuống. Carat là hệ thống được sử dụng để đo trọng lượng của kim cương, mỗi carat tương ứng với 1/5 gram. Còn đường cắt thể hiện tay nghề của nhà chế tác, đường cắt càng hoàn hảo thì kim cương càng phản chiếu được nhiều ánh sáng.</p>\r\n<p><br>\r\n  Những viên kim cương tinh khiết nhất, nổi tiếng nhất và giá trị nhất trên thế giới có thể kể đến là Archduke Joseph, viên kim cương nặng 76,02 carats được bán tại sàn đấu giá Christie&rsquo;s ở Geneva vào tháng 5/2012 với giá 21.470.000$; Koh-I-Noor, nặng 105 carats và được đính trên vương miện của Nữ hoàng Anh; Dresden Green nặng 41 carats và Regent nặng 141 carats, được trưng bày tại bảo tàng Louvre (Pháp) với trị giá khoảng 80 triệu đôla; viên kim cương màu xanh Hope và viên kim cương đenThe Spirit of de Grisogono… hầu hết đều có xuất xứ từ Golconda.</p>\r\n<p> </p>\r\n<p><img alt="the-gioi-kim-cuong-Archduke-Joseph-490x326" height="326" src="images/TT/the-gioi-kim-cuong-Archduke-Joseph-490x326.jpg" width="490"></p>\r\n<p><em> Những viên kim cương không màu, tinh khiết và lớn như thế này là cực kỳ hiếm</em></p>\r\n'),
(4, 'KM', 'images/KM/Travellive-2.png', 'ưu đãi hấp dẫn tại triển lãm cưới và Du lịch trăng mật HWP 2015', '(PNJ) - Chào đón mùa chung đôi 2015, PNJ tiếp tục tham gia triển lãm cưới Travellive với mong muốn mang đến các đôi uyên ương những lựa chọn trang sức cưới tuyệt vời nhất cùng chương trình ưu đãi hấp dẫn.', '<p><strong>Chào đón mùa chung đôi 2015, PNJ tiếp tục tham gia triển lãm cưới Travellive với mong muốn mang đến các đôi uyên ương những lựa chọn trang sức cưới tuyệt vời nhất cùng chương trình ưu đãi hấp dẫn. </strong></p>\r\n<p><img alt="Travellive-2" height="450" src="images/KM/Travellive-2.png" title="" width="660"></p>\r\n<p> </p>\r\n<p>Chương trình diễn ra trong ba ngày<strong> 21, 22, 23/08</strong> tại k<strong>hách sạn Melia Hà Nội – 44 Lý Thường Kiệt, Hà Nội. </strong>Là thương hiệu trang sức hàng đầu tham gia triển lãm cưới Travellive, PNJ sẽ đưa khách hàng bước vào một không gian thưởng lãm đích thực bởi sự kết hợp hoàn hảo vẻ đẹp đa dạng, tinh xảo của các thiết kế trang sức cưới Hạnh Phúc Vàng 2015 cùng màn trình diễn ấn tượng của những người mẫu nổi tiếng.</p>\r\n<p> </p>\r\n<p align="center"><img alt="duyen_phuong_tinh_hong_pnj" height="495" src="images/KM/duyen_phuong_tinh_hong_pnj1.jpg" title="" width="660"><em>Duyên Phượng Tình Hồng – Vàng 24K</em></p>\r\n<p> </p>\r\n<p>Điểm nhấn độc đáo trong bộ sưu tập trang sức cưới Hạnh Phúc Vàng 2015 của PNJ là những thiết kế được cách điệu từ dáng vẻ uy nghi của tứ linh Long- Lân- Quy- Phụng hay hoạ tiết mềm mại của các loài hoa trên chất liệu vàng 24K, 22k, 18K, 14K rực sáng như : <strong>&ldquo;Duyên Phượng Tình Hồng&rdquo;, &ldquo;Long Phụng Sum Vầy&rdquo;, &ldquo;Thiên Duyên</strong>&rdquo;, <strong>&ldquo;Hương Tình Yêu&rdquo;…</strong> Bên cạnh đó là các dòng nhẫn cưới độc tôn của thương hiệu trang sức cưới Hạnh Phúc Vàng vốn luôn được khách hàng mến mộ như dòng nhẫn cưới &ldquo;<strong><em>Sánh Duyên&rdquo;</em></strong>, &ldquo;<strong><em>Vàng Son&rdquo;</em></strong>, &ldquo;<strong><em>Chung Đôi&rdquo;, &ldquo;Nguyện Ước&rdquo;</em></strong> với mỗi thiết kế mang một dấu ấn, thông điệp sâu sắc trao gửi đôi uyên ương trong thời khắc khởi đầu cuộc sống mới. Đặc biệt, nhẫn cưới &ldquo;<strong>Long Phụng&rdquo;</strong> vẫn tiếp tục lên ngôi bởi vẻ đẹp tinh xảo, độc đáo cùng ý nghĩa tượng trưng cho một tình yêu vĩnh cửu.</p>\r\n<p align="center"><img alt="nhan_cuoi_vang_son_pnj" height="495" src="images/KM/nhan_cuoi_vang_son_pnj1.jpg" title="" width="660"><em>Nhẫn Cưới Vàng Son</em></p>\r\n<p> </p>\r\n<p>Dành tặng các cặp đôi những ưu đãi thiết thực nhất, nhân sự kiện cưới Travellive, PNJ triển khai chương trình khuyến mãi lên đến <strong>10%</strong> các sản phẩm trang sức cưới Hạnh Phúc Vàng, ưu đãi  <strong>20%</strong> giá công trang sức vàng 24K, 22K, tặng <strong>album cưới Long Phụng</strong> cho mỗi hóa đơn mua hàng từ 15 triệu đồng.</p>\r\n'),
(5, 'KM', 'images/KM/ngau_hung_saling_pnj.jpg', 'Ngẫu hứng Sailing – Nhân đôi ưu đãi Cùng Online Shopping', 'Nhân dịp ra mắt bộ sưu tập mới “Ngẫu hứng khám phá” của trang sức bạc PNJ với trào lưu D.I.Y (Do It Yourself), Kênh Online Shopping sẽ mang đến cho khách hàng chương trình ưu đãi hấp dẫn “Ngẫu hứng Sailing – Nhân đôi ưu đãi” bắt đầu từ 10/9/2015 đến 18/9/2015 chỉ có riêng trên kênh Online Shopping.', '<h1>Ngẫu hứng Sailing – Nhân đôi ưu đãi Cùng Online Shopping</h1>\r\n11/09/2015\r\n<div>\r\n  <p> </p>\r\n  <p><strong>(PNJ) – Nhân dịp ra mắt bộ sưu tập mới &ldquo;Ngẫu hứng khám phá&rdquo; của trang sức bạc PNJ với trào lưu D.I.Y (Do It Yourself), Kênh Online Shopping sẽ mang đến cho khách hàng chương trình ưu đãi hấp dẫn &ldquo;Ngẫu hứng Sailing – Nhân đôi ưu đãi&rdquo; bắt đầu từ 10/9/2015 đến 18/9/2015 chỉ có riêng trên kênh Online Shopping.</strong></p>\r\n  <p><img alt="ngau_hung_saling_pnj" height="370" src="images/KM/ngau_hung_saling_pnj.jpg" title="" width="660"></p>\r\n  <p><em>Tóc Tiên – Với BST Ngẫu hứng khám phá</em></p>\r\n  <p>Với thông điệp &ldquo;Ngẫu hứng tươi mới mỗi ngày&rdquo;, &ldquo;Ngẫu hứng Sailing&rdquo; độc quyền của Online Shopping là những sản phẩm trang sức được lấy cảm hứng từ những mảng màu tươi vui của cuộc sống, mang khát khao khám phá đầy đáng yêu của những cô gái trẻ. </p>\r\n  <p>Dẫn đầu xu hướng D.I.Y, các sản phẩm trang sức bạc của Ngẫu hứng Sailing sẽ giúp bạn gái thỏa sức sáng tạo, mix &amp; match các item thời trang với nhau theo cách của riêng mình, tạo thành những set trang sức mang đậm dấu ấn cá nhân.</p>\r\n  <p> </p>\r\n  <p><img alt="ngau_hung_bst" height="495" src="images/KM/ngau_hung_bst.jpg" title="" width="660"></p>\r\n  <p><em>Bộ dây cổ bạc cao cấp – Ngẫu hứng khám phá</em></p>\r\n  <p>Cảm hứng đáng yêu đến từ biển cả, với họa tiết những chú cá nhỏ xinh xắn sẽ giúp bạn gái trông tinh nghịch, cá tính hơn.</p>\r\n  <p><img alt="ngau_hung_bst3" height="495" src="images/KM/ngau_hung_bst2.jpg" title="" width="660"></p>\r\n  <p><em>Dây cổ bạc cao cấp – Ngẫu hứng khám phá</em></p>\r\n  <p>Độc đáo bởi chất liệu bạc cao cấp xi vàng 18K, sợi dây chuyền với cảm hứng chinh phục, tự do tự tại giữa đại dương bao la, sẽ là điểm nhấn nổi bật trên trang phục của bạn gái có gu thời trang tinh tế.</p>\r\n  <p><img alt="ngau_hung_bst2" height="660" src="images/KM/ngau_hung_bst3.jpg" title="" width="660"></p>\r\n  <p><em>Dây cổ bạc cao cấp – Ngẫu hứng khám phá</em></p>\r\n  <p>Đến với chương trình khuyến mãi &ldquo;Ngẫu hứng Sailing – Nhân đôi ưu đãi&rdquo; độc quyền trên Online Shopping, khách hàng mua 1 trong các sản phẩm của Bộ sưu tập Ngẫu hứng Sailing sẽ được giảm 5% trong đơn hàng, mua 2 trong các sản phẩm của bộ sưu tập sẽ được tặng 1 túi Cavat và được giảm 5% trong đơn hàng. Ngập tràn ưu đãi cho bạn gái thoải mái tạo nên phong cách.</p>\r\n</div>\r\n'),
(6, 'Space', 'images/Space/pnj_42.jpg', 'Trang sức cưới “hút hồn” cô dâu Việt', 'Những thiết kế trang sức tinh xảo, hiện đại khi kết hợp hài hòa với áo cưới sẽ giúp cô dâu thêm rạng ngời tỏa sáng trong ngày trọng đại. Cùng thương hiệu trang sức cưới Hạnh Phúc Vàng – PNJ điểm qua những mẫu trang sức cưới “hot” nhất đang được các cô dâu ưa chuộng trong mùa cưới 2015 này.', '<h1>Trang sức cưới &ldquo;hút hồn&rdquo; cô dâu Việt</h1>\r\n27/10/2015\r\n<div>\r\n  <p><strong>Những thiết kế trang sức tinh xảo, hiện đại khi kết hợp hài hòa với áo cưới sẽ giúp cô dâu thêm rạng ngời tỏa sáng trong ngày trọng đại. </strong><strong>Cùng thương hiệu trang sức cưới Hạnh Phúc Vàng – PNJ điểm qua những mẫu trang sức cưới &ldquo;hot&rdquo; nhất đang được các cô dâu ưa chuộng trong mùa cưới 2015 này.</strong></p>\r\n  <p><img alt="pnj_4" height="420" src="images/Space/pnj_42.jpg" title="" width="660"></p>\r\n  <p><em>Cô dâu Thùy Linh đẹp dịu dàng trong bộ trang sức (BST) &ldquo;Duyên Phượng Tình Hồng&rdquo;. Đây là một trong những BTS được nhiều cô dâu &ldquo;săn đón&rdquo; bởi vẻ đẹp tinh tế và ý nghĩa sâu sắc của nó</em></p>\r\n  <p><img alt="trang_suc_vang_pnj" height="450" src="images/Space/trang_suc_vang_24k.jpg" title="" width="660"></p>\r\n  <p align="center"><em>BTS &ldquo;Duyên Phượng Tình Hồng&rdquo; với hình ảnh Phượng Hoàng đan xen sống động trong những đóa hồng rực rỡ thể hiện ước vọng của người con gái về một cuộc sống hôn nhân viên mãn, thanh xuân </em></p>\r\n  <p align="center"><img alt="pnj_3" height="900" src="images/Space/pnj_34.jpg" title="" width="660"></p>\r\n  <p align="center"><em>Thúy Ngân quyến rũ trong trang sức cưới Hạnh Phúc Vàng mang họa tiết Long- Phụng </em></p>\r\n  <p align="center"><img alt="trang_suc_vang_24k" height="430" src="images/Space/trang_suc_vang_pnj.jpg" title="" width="660"></p>\r\n  <p align="center"><em>BTS</em><em> là nét phá cách độc đáo trong xu hướng trang sức cưới khi mang những họa tiết truyền thống gắn liền với những câu chuyện tình yêu cùng lời chúc phúc vẹn tròn trao gửi đôi uyên ương</em></p>\r\n  <p align="center"><img alt="pnj" height="900" src="images/Space/pnj5.jpg" title="" width="660"></p>\r\n  <p align="center"><em>Diễm My khoe vẻ đẹp yêu kiều trong BTS &ldquo;Hương Tình Yêu&rdquo;</em></p>\r\n  <p align="center"><img alt="PNJ_Rose_Collection" height="450" src="images/Space/PNJ_BTS-Phuong-Hoang1.jpg" title="" width="660"></p>\r\n  <p align="center"><em>Mang phong cách thiết kế tinh tế, hòa quyện vẻ duyên dáng của hoa lá với nét kiêu sa của vàng, đá quý, &ldquo;Hương Tình Yêu&rdquo; trao gửi từng cảm xúc thiêng liêng trong câu chuyện lứa đôi- đó là sự ngọt ngào, lòng thủy chung và một tình yêu vĩnh cửu</em></p>\r\n  <p align="center"><img alt="pnj_TTM" height="900" src="images/Space/pnj_TTM.jpg" title="" width="660"></p>\r\n  <p align="center"><em>Á hậu Trương Thị May </em><em>nổi bật trong đầm dạ hội mang sắc đỏ quyến rũ, khoác trên mình tuyệt tác trang sức &ldquo;Phượng Hoàng&rdquo;</em></p>\r\n  <p align="center"><img alt="Print" height="530" src="images/Space/PNJ_20-10_2_2.jpg" title="" width="660"></p>\r\n  <p align="center"><em>Mang v</em><em>ẻ đẹp kiêu hãnh của Phượng Hoàng </em><em>cùng sắc đỏ Ruby tượng trưng cho một tình yêu vĩnh, hình ảnh cô dâu rạng rỡ trong &ldquo;Phượng Hoàng&rdquo; ngày cưới là khởi đầu hoàn hảo cho cuộc sống hôn nhân hạnh phúc, sắc son trọn đời</em></p>\r\n  <p align="center"><img alt="pnj_2" height="1000" src="images/Space/pnj_23.jpg" title="" width="660"></p>\r\n  <p align="center"><em>Khoảnh khắc </em><em>hạnh phúc</em><em> khi cặp đôi trao nhau đôi nhẫn cưới </em><em>&ldquo;</em><strong><em>Long Phụng</em></strong><strong><em>&rdquo;</em></strong><em> có ý nghĩa gắn kết hai tâm hồn làm một</em></p>\r\n  <p align="center"><img alt="PNJ_HPV _5" height="500" src="images/Space/PNJ_HPV-_52.jpg" title="" width="660"></p>\r\n  <p align="center"><em>Cảm hứng từ hình ảnh Rồng – Phượng biểu trưng cho nghĩa phu thê, kết hợp nghệ thuật cách điệu hoàn hảo tạo nên nhẫn cưới </em><em>&ldquo;</em><em>Long Phụng</em><em>&rdquo;</em><em> mang họa tiết vừa cầu kỳ, tinh xảo vừa mềm mại, hài hòa</em></p>\r\n  <p align="center"><img alt="PNJ_HPV _4" height="440" src="images/Space/PNJ_HPV-_4.jpg" title="" width="660"></p>\r\n  <p align="center"><em>Bên cạnh </em><em>đó, </em><em> PNJ </em><em>còn giới thiệu</em><em> những dòng nhẫn cưới Hạnh Phúc Vàng với chất liệu vàng 18K, 14K</em><em> cùng kiểu dáng đa dạng, hiện đại </em><em> vốn luôn được khách hàng yêu </em><em>chuộng</em></p>\r\n</div>\r\n'),
(7, 'KM', 'images/KM/KM1/icon.jpg', 'Tháng vàng ngập tràn ưu đãi', 'Tháng tri ân thầy cô, tháng để gửi gắm những yêu thương, cũng là tháng vàng với vô vàn ưu đãi để Space tri ân khách hàng thời gian qua luôn tin tưởng, yêu chuộng và đánh giá cao trang sức Space.', '<h3><a href="#">Tháng vàng ngập tràn ưu đãi</a></h3>\r\n<hr />\r\n<h2 align="center"><b>THÁNG VÀNG NGẬP TRÀN ƯU ĐÃI CÙNG SPACE.COM</b></h2>\r\n<b>Tháng tri ân thầy cô, tháng để gửi gắm những yêu thương, cũng là tháng vàng với vô vàn ưu đãi để Space tri ân khách hàng thời gian qua luôn tin tưởng, yêu chuộng và đánh giá cao trang sức Space.</b><br />\r\n<p align="center"><img src="images/KM/KM1/tvntud1.jpg" width="500" height="375" /></p>\r\n<p>Chương trình “Tháng vàng ngập tràn ưu đãi” của Kênh mua sắm Online PNJ áp dụng từ 1/11/2015 đến 20/11/2015, sẽ là dịp để khách hàng mua sắm “tưng bừng” và cũng hứa hẹn là kênh để mua sắm những món quà  thật ý nghĩa gửi tặng thầy cô giáo.</p>\r\n<p align="center"><img src="images/KM/KM1/tvntud2.jpg" width="500" height="375" /></p>\r\n<p align="center"><img src="images/KM/KM1/tvntud3.jpg" width="500" height="375" /></p>\r\n<p>Tất cả các khách hàng khi mua sắm trên Space.com thời gian này, sẽ nhận được ưu đãi giảm giá đến 12% cho các sản phẩm của Silver và Đồng hồ; giảm 5% trang sức Kim cương dưới 4.5 ly, 3% trang sức kim cương trên 4.5 ly; giảm 10% trang sức đá màu; giảm 5% trang sức Cz, ECz, nữ trang Ý và dây chuyền các loại.</p>\r\n<p align="center" ><img src="images/KM/KM1/tvntud5.jpg" width="500" height="375" /></p>\r\n<p align="center"><img src="images/KM/KM1/tvntud4.jpg" width="500" height="375" /></p>\r\n<p>Với những ưu đãi đầy hấp dẫn của chương trình, trang sức Space muốn gửi lời tri ân đến khách hàng thời gian qua đã, đang và vẫn tiếp tục tin chọn các sản phẩm của Space tại Kênh mua sắm Online. Đồng thời, với chương trình ưu đãi này, tất cả các khách hàng sẽ có thêm điều kiện để sở hữu các sản phẩm trang sức mang thương hiệu hàng đầu Việt Nam, Space.</p>'),
(8, 'KM', 'images/KM/KM2/trang-suc-bac-pnj1.png"', 'Nhập mã E-voucher, Ưu đãi cực hấp dẫn', 'Từ nay đến hết ngày 28/08/2015, kênh bán hàng trực tuyến của PNJ shopping.pnj.com.vn mang đến chương trình ưu đãi hấp dẫn lên đến 15%', '<h1>Nhập mã E-voucher, Ưu đãi cực hấp dẫn</h1>\r\n12/08/2015\r\n<div>\r\n  <p><strong>Từ nay đến hết ngày 28/08/2015, kênh bán hàng trực tuyến của PNJ </strong><strong><a href="http://www.shopping.pnj.com.vn/" target="_blank">shopping.pnj.com.vn</a> mang đến chương trình ưu đãi hấp dẫn lên đến 15%</strong></p>\r\n  <p>Theo đó, khách hàng mua hàng online tại website  <a href="http://www.shopping.pnj.com.vn/" target="_blank">shopping.pnj.com.vn</a>, khi nhập mã E-voucher sẽ nhận được ưu đãi cụ thể như sau:</p>\r\n  <ul>\r\n    <li>Ưu đãi 5% trang sức vàng 10K, 14K, 18K</li>\r\n    <li>Ưu đãi 6% trang sức bạc PNJSilver (áp dụng cho hóa đơn mua hàng từ 500 – 1 triệu), ưu đãi 12% (áp dụng cho hóa đơn mua hàng trên 1 triệu)</li>\r\n    <li>Ưu đãi 15% các sản phẩm đồng hồ cao cấp như Tissot, Movado, CK, Skagen, Michael Kors, Seiko…</li>\r\n  </ul>\r\n  <p><img src="images/KM/KM2/e-voucher-pnj2.png"  height="345" width="660"></p>\r\n  <p><em>Chương trình áp dụng tại kênh bán hàng trực tuyến </em><strong><em><a href="http://www.shopping.pnj.com.vn/" target="_blank">shopping.pnj.com.vn</a></em></strong></p>\r\n  <p> </p>\r\n  <p><img alt="trang-suc-vang-pnj" height="345" src="images/KM/KM2/trang-suc-vang-pnj.png" width="660"></p>\r\n  <p><em>Nhập mã GOSPNJ0815 khi mua trang sức vàng.</em></p>\r\n  <p> </p>\r\n  <p><img alt="trang-suc-bac-pnj" height="345" src="images/KM/KM2/trang-suc-bac-pnj1.png" width="660"></p>\r\n  <p><em>Nhập mã SOSPNJ10815 khi mua trang sức bạc PNJSilver (hóa đơn từ 500 ngàn-1 triệu), giảm 6%; nhập mã SOSPNJ20815 (hóa đơn từ 1 triệu), giảm 12</em>%.</p>\r\n  <p> </p>\r\n  <p><img alt="dong-ho-pnj" height="345" src="images/KM/KM2/dong-ho-pnj1.png" width="660"></p>\r\n  <p><em>Nhập mã WOSPNJ0815 khi mua đồng hồ.</em></p>\r\n  <p> </p>\r\n  <p><strong>Chương trình áp dụng khi mua hàng online trên phạm vi toàn quốc.</strong></p>\r\n  <p><strong>Online shopping: <a href="http://www.shopping.pnj.com.vn/">www.shopping.pnj.com.vn</a></strong></p>\r\n  <p><strong>Hotline: </strong><strong>(08) 399 59 332 – 399 59 336/ (04) 66 827 938</strong></p>\r\n</div>'),
(9, 'KM', 'images/KM/KM3/PNJ-l----h---i------qu--1.png', 'Ưu đãi hấp dẫn từ ''Lễ hội đá quý''', '(PNJ) - Trong tháng 7 và tháng 8 này, PNJ tưng bừng tổ chức chương trình “Lễ hội đá quý” với việc giới thiệu hàng loạt bộ sưu tập trang sức tinh xảo, độc đáo từ các nhãn hàng Trang sức vàng PNJ, trang sức bạc và phụ kiện thời trang PNJSilver cùng chương trình tri ân khách hàng đặc biệt.', '<h1>Ưu đãi hấp dẫn từ &lsquo;Lễ hội đá quý&rsquo;Ưu đãi hấp dẫn từ &lsquo;Lễ hội đá quý&rsquo;</h1>\r\n25/07/2015\r\n<div>\r\n  <p><strong>(PNJ) – Trong tháng 7 và tháng 8 này,  PNJ tưng bừng tổ chức chương trình &ldquo;Lễ hội đá quý&rdquo; với việc giới thiệu hàng loạt bộ sưu tập trang sức tinh xảo, độc đáo từ các nhãn hàng Trang sức vàng PNJ, trang sức bạc và phụ kiện thời trang PNJSilver cùng chương trình tri ân khách hàng đặc biệt. </strong></p>\r\n  <p><span id="more-"> </span></p>\r\n  <p> </p>\r\n  <p><img alt="PNJ lễ hội đá quý" height="440" src="http://pnj.com.vn/wp-content/uploads/2015/07/PNJ-l----h---i------qu--1.png" width="660"></p>\r\n  <p>Đến với &ldquo;Lễ hội đá quý&rdquo;, khách hàng sẽ hài lòng với hàng trăm mẫu  <strong><a href="http://pnj.com.vn/">trang sức</a></strong> tinh tế độc đáo từ các dòng  <a href="http://pnj.com.vn/san-pham/trang-suc-kim-cuong/"><strong>trang </strong></a><strong><a href="http://pnj.com.vn/san-pham/trang-suc-kim-cuong/">sức Kim cương</a></strong>, <a href="http://pnj.com.vn/san-pham/trang-suc-da-mau/"><strong>Đá quý</strong></a>, Ngọc trai,<strong><a href="http://pnj.com.vn/san-pham/trang-suc-cuoi/">trang sức cưới</a> Hạnh Phúc Vàng</strong>… của PNJ. Có thể kế đến BST Royal – Hoàng Gia là sự kết hợp hài hòa vẻ đẹp rực rỡ kiêu sa của vàng 18K, 14K, kim cương, đá quý với xu hướng thiết kế sang trọng mang hơi thở Hoàng Gia quý phái; BST Happiness – Hạnh Phúc Thăng Hoa gồm những mẫu trang sức vàng 18K, 14K đính đá quý được cách điệu tinh xảo, với mỗi sắc màu mang một thông điệp riêng, gắn liền với những khoảnh khắc ý nghĩa trong cuộc đời người phụ nữ; Hay BST Ngọc Biển gồm những mẫu trang sức có sự kết hợp hài hòa vẻ đẹp tinh khiết của Ngọc trai với nhiều xu hướng, phong cách khách nhau, mang đến phái đẹp ở mọi lứa tuổi nhiều lựa chọn để luôn rạng ngời, tỏa sáng.</p>\r\n  <p><img alt="trang-suc-da-quy-pnj" height="417" src="http://pnj.com.vn/wp-content/uploads/2015/07/trang-suc-da-quy-pnj1.png" width="660"></p>\r\n  <p><em>Sơ đồ tương sinh tương khắc kim – mộc – thủy – hỏa – thổ</em></p>\r\n  <p> </p>\r\n  <p>Bên cạnh đó, khách hàng quan tâm đến xu hướng đeo trang sức theo Phong thủy sẽ thỏa sức chọn cho mình những BTS phù hợp với cung mệnh. Với thông điệp &ldquo;Tương sinh ngũ hành- vận mệnh thăng hoa&rdquo;, những mẫu trang sức đá màu của PNJ là sự hội tụ 5 yếu tố ngũ hành trong vũ trụ: Kim, Mộc,Thuỷ, Hoả,Thổ, ẩn chứa trong nó những ý nghĩa rất riêng cho từng cung mệnh con người.</p>\r\n  <p><img alt="trang-suc-menh-kim-pnj" height="417" src="http://pnj.com.vn/wp-content/uploads/2015/07/trang-suc-menh-kim-pnj1.png" width="660"></p>\r\n  <p><em>Trang sức mệnh Kim</em></p>\r\n  <p> </p>\r\n  <p>Vì vậy, nếu biết chọn những bộ trang sức đá quý có màu sắc phù hợp với từng cung mệnh sẽ đem lại rất nhiều sức khỏe, may mắn cho người sở hữu. Cũng trong dịp này, khách hàng yêu thích nhãn hiệu <a href="http://pnj.com.vn/san-pham/trang-suc-bac/"><strong>trang sức bạc</strong></a> và <a href="http://pnj.com.vn/san-pham/phu-kien/"><strong>phụ kiện thời trang PNJSilver</strong></a> có thể thoả sức mua sắm với những BTS mới mang thiết kể trẻ trung và độc đáo.</p>\r\n  <p> </p>\r\n  <p><img alt="trang-suc-menh-moc-pnj" height="417" src="http://pnj.com.vn/wp-content/uploads/2015/07/trang-suc-menh-moc-pnj.png" width="660"></p>\r\n  <p><em>Trang sức mệnh Mộc</em></p>\r\n  <p><img alt="trang-suc-menh-thuy-pnj" height="417" src="http://pnj.com.vn/wp-content/uploads/2015/07/trang-suc-menh-thuy-pnj.png" width="660"></p>\r\n  <p><em>Trang sức mệnh Thủy</em></p>\r\n  <p>Đặc biệt, PNJ mang đến khách hàng  <strong><a href="http://shopping.pnj.com.vn/san-pham-khuyen-mai.html">chương trình ưu đãi hấp dẫn</a></strong> .Theo đó, nhãn hàng trang sức vàng PNJ ưu đãi lên đến 15% các sản phẩm trang sức vàng, trang sức kim cương đá quý; Nhãn hàng trang sức bạc và phụ kiện thời trang PNJSilver ưu đãi 10%. &ldquo;Lễ hội đá quý&rdquo; còn mang đến khách khách chương trình Rút thăm trúng thưởng 100% với nhiều phần quà hấp dẫn như Trang sức Ngọc trai PNJSilver, Túi da cao cấp, album cưới Long Phụng; Nón bảo hiểm, Áo mưa PNJ, ly sứ, sổ tay … Đặc biệt hơn, khách hàng khi đến cửa hàng PNJ sẽ tận hưởng chương trình ưu đãi làm sạch, đánh bóng và xi mới miễn phí tất cả sản phẩm trang sức vàng bạc trong suốt thời gian diễn ra chương trình.</p>\r\n  <p><img alt="trang-suc-menh-hoa-pnj" height="417" src="http://pnj.com.vn/wp-content/uploads/2015/07/trang-suc-menh-hoa-pnj.png" width="660"></p>\r\n  <p><em>Trang sức mệnh Hỏa</em></p>\r\n  <p>Ngoài hàng loạt ưu đãi mừng sinh nhật, PNJ còn gửi tới cam kết luôn mang đến những sản phẩm bảo đảm chất lượng vàng đúng tiêu chuẩn công bố, có thiết kế sang trọng, tinh tế cùng trình độ chế tác tinh xảo, xứng đáng là thương hiệu trang sức và kim cương hàng đầu Việt Nam.</p>\r\n  <p><img alt="trang-suc-menh-tho-pnj" height="417" src="http://pnj.com.vn/wp-content/uploads/2015/07/trang-suc-menh-tho-pnj.png" width="660"></p>\r\n  <p><em>Trang sức mệnh Thổ</em></p>\r\n  <p><strong>Chương trình &ldquo;Lễ hội đá quý&rdquo; áp dụng tại các khu vực sau:</strong></p>\r\n  <p><strong>PNJ  Đông Nam Bộ: CT áp dụng từ 01/08/2015- 23/08/2015 tại các TTKH PNJ: </strong></p>\r\n  <p>BIÊN HÒA: 97 đường 30/4; 437 Phạm Văn Thuận; Big C Biên Hòa</p>\r\n  <p>BÌNH DƯƠNG: 3A Hùng Vương, AEON Bình Dương,</p>\r\n  <p>BÀ RỊA- VŨNG TÀU: 380 Lê Hồng Phong, Tp.Vũng Tàu; Coop Vũng Tàu, Coop Bà Rịa.</p>\r\n  <p>BÌNH PHƯỚC: 847 Phú Riềng Đỏ, TX. Đồng Xoài</p>\r\n  <p>TÂY NINH: 877 CMT8</p>\r\n  <p>TIỀN GIANG: 188 Ấp Bắc, TP. Mỹ Tho</p>\r\n  <p>LONG AN: 51 Trương Định, TP.Tân An; Coopmart Long An</p>\r\n  <p><strong>PNJ MIỀN TRUNG : CT áp dụng từ 15/7/2015- 05/08/2015 tại các TTKH PNJ: </strong></p>\r\n  <p>HUẾ: 10 Hùng Vương; Coopmart Huế</p>\r\n  <p>ĐÀ NẴNG: 359 Phan Châu Trinh; 70-72 Trần Phú; 123 Hùng Vương; Vincom Đà Nẵng; Big C Đà Nẵng</p>\r\n  <p>HỘI AN: 633 Hai Bà Trưng</p>\r\n  <p>QUẢNG NGÃI: 36 Hùng Vương</p>\r\n  <p>BÌNH ĐỊNH: 334-336 Trần Hưng Đạo; Big C Quy Nhơn</p>\r\n  <p><strong>PNJ TÂY NAM BỘ: CT áp dụng từ 01/08- 23/08/2015 tại các TTKH PNJ:</strong></p>\r\n  <p>CẦN THƠ: 46 Ngô Quyền; TTTM Sense City</p>\r\n  <p>AN GIANG: 63 Hai Bà Trưng- Long Xuyên; Coopmart Long Xuyên</p>\r\n  <p>KIÊN GIANG: 38 Hoàng Hoa Thám</p>\r\n  <p>VĨNH LONG: 1F Hoàng Thái Hiếu; Coopmart Vĩnh Long</p>\r\n  <p>ĐỒNG THÁP: 86 Nguyễn Huệ,  TP. Cao Lãnh</p>\r\n  <p>CÀ MAU: 4A Hùng  Vương</p>\r\n  <p><strong>PNJ MIỀN BẮC: CT áp dụng từ 18/07- 08/08/2015 tại các TTKH PNJ:</strong></p>\r\n  <p>HÀ NỘI: 6 A Trần Nhân Tông; 334 Cầu Giấy; 129 Chùa Bộc; Vincom Bà Triệu; Big C Hà Nội; Vincom Royal</p>\r\n  <p>HẢI PHÒNG: 18 A Lạch Tray; Big C Hải Phòng; Thùy Dương Plaza.</p>\r\n  <p>QUẢNG NINH: Vincom Hạ Long</p>\r\n  <p>NGHỆ AN: Big C Vinh</p>\r\n  <p><strong> PNJ NHA TRANG: CT áp dụng từ 23/07- 09/08/2015 tại TTKH PNJ 19A Quang Trung, P.Vạn Thành, TP.Nha Trang</strong></p>\r\n  <p><strong> PNJ ĐÀ LẠT: CT áp dụng từ 25/07- 15/08/2015 tại TTKH PNJ 08 Hòa Bình, TP. Đà Lạt </strong></p>\r\n</div>\r\n'),
(10, 'KM', 'images/KM/KM4/hinh-silver-PR-online7.jpg', 'Lời chúc may mắn cho Tình Yêu từ PNJSilver', '(PNJ) Có một ngày mà tất cả các cặp đôi đều mong chờ: ngày lễ Tình Yêu 14/2. Và khi yêu, hẳn ai cũng mong ước được mãi mãi ở bên nhau.', '<h1>Lời chúc may mắn cho Tình Yêu từ PNJSilver</h1>\r\n30/01/2015\r\n<div>\r\n  <p><strong>(PNJ) Có một ngày mà tất cả các cặp đôi đều mong chờ: ngày lễ Tình Yêu 14/2.  Và khi yêu, hẳn ai cũng mong ước được mãi mãi ở bên nhau.</strong></p>\r\n  <p>Đón chào ngày lễ Tình nhân 2015, dịp mua sắm tưng bừng nhất trong năm của các cặp đôi, PNJSilver giới thiệu các bộ sưu tập trang sức mới với chủ đề chính là khám phá &ldquo;Điều kỳ diệu thứ tư&rdquo;.</p>\r\n  <p><img alt="hinh silver PR online9" src="images/KM/KM4/hinh-silver-PR-online1.jpg"></p>\r\n  <p> </p>\r\n  <p><strong><em>&ldquo;Điều kỳ diệu thứ tư&rdquo; là gì?</em></strong></p>\r\n  <p>Tiếp tục chọn cỏ bốn lá là hình ảnh chủ đạo cho bộ sưu tập chính mang tên <strong>&ldquo;Tình yêu đích thực&rdquo;</strong>(True of love Collection), PNJSilver muốn chuyển <strong>lời cầu chúc may mắn</strong> đến các cặp đôi đang yêu nhau. Truyền thuyết về cỏ bốn lá kể rằng cứ 10,000 cây cỏ 03 lá mới tìm ra một lá cỏ có 04 lá. Lá thứ nhất tượng trưng cho hy vọng; lá thứ hai tượng trưng cho niềm tin; lá thứ ba tượng trưng cho tình yêu <strong>và lá thứ tư chính là may mắn.</strong> Ai tìm được lá cỏ 03 lá có 04 lá sẽ gặp nhiều may mắn. Trong cuộc đời, để vượt qua được những gian nan trắc trở trên đường đời, con người không thể sống thiếu hy vọng, thiếu niềm tin và thiếu tình yêu. Nhưng để tình yêu thăng hoa và đem lại hạnh phúc cho cuộc đời của mình thì mỗi người đều cần phải có may mắn.</p>\r\n  <p><img alt="hinh silver PR online6" src="images/KM/KM4/hinh-silver-PR-online6.jpg"></p>\r\n  <p><img alt="hinh silver PR online8" src="images/KM/KM4/hinh-silver-PR-online8.jpg"></p>\r\n  <p> </p>\r\n  <p><em>Nơi nào có Tình Yêu, nơi đó có điều kỳ diệu. Nơi nào có May Mắn, hạnh phúc sẽ thăng hoa</em><em>. </em>Đây là lời cầu chúc May Mắn của PNJSilver – và cũng chính là thông điệp của Điều kỳ diệu thứ tư!</p>\r\n  <p> </p>\r\n  <p><img alt="hinh silver PR online6" src="images/KM/KM4/hinh-silver-PR-online6.jpg"></p>\r\n  <p> </p>\r\n  <p>Trong bộ sưu tập <strong>&ldquo;Tình yêu đích thực&rdquo;</strong> các thiết kế lấy cảm hứng từ <strong>cỏ bốn lá, hoa hồng và trái tim</strong>,  trong đó, đặc sắc nhất là mặt dây chuyền có hình cỏ bốn lá bằng bạc cao cấp có thể xoay theo vòng tròn. Bên cạnh đó PNJSilver còn có bộ sưu tập <strong>Couple </strong>và  <strong>Mystery</strong> mang phong cách trẻ trung, độc đáo, thích hợp cho các bạn trẻ năng động và cá tính và điểm nhấn nữa chính là 05 cặp nhẫn đôi bằng bạc cao cấp trong bộ sưu tập <strong>Couple</strong>.</p>\r\n  <p><img alt="hinh silver PR online4" src="images/KM/KM4/hinh-silver-PR-online4.jpg"></p>\r\n  <p><img alt="hinh silver PR online3" src="images/KM/KM4/hinh-silver-PR-online3.jpg"></p>\r\n  <p><img alt="hinh silver PR online2" src="images/KM/KM4//hinh-silver-PR-online2.jpg"></p>\r\n  <p><img alt="hinh silver PR online1" src="images/KM/KM4/hinh-silver-PR-online1.jpg"></p>\r\n  <p><img alt="hinh silver PR online5" src="images/KM/KM4/hinh-silver-PR-online5.jpg"></p>\r\n  <p>Ngoài ra, PNJSilver mùa Valentine 2015 còn có các mẫu dây chuyền, mề đay, bông tai, vòng tay và nhẫn….<strong>Mystery</strong> mang hình dáng uốn lượn mềm mại cách điệu từ lá ô-liu và vòng nguyệt quế rất duyên dáng và nữ tính, được làm từ hợp kim cao cấp. </p>\r\n  <p><img alt="hinh silver PR online10" src="images/KM/KM4/hinh-silver-PR-online10.jpg"></p>\r\n  <p><img alt="hinh silver PR online7" src="images/KM/KM4/hinh-silver-PR-online7.jpg"></p>\r\n  <p> </p>\r\n  <p>Chào mừng Valentine 2015, từ 01/02- 15/02/2015, khách hàng mua các sản phẩm PNJSilver trị giá từ 699 ngàn đồng trở lên sẽ được tặng một gấu bông xinh xắn.  <strong>&ldquo;Tặng gấu bông cho người yêu dấu&rdquo;</strong> sẽ là món quà cộng thêm,  bên cạnh vẻ lấp lánh của những sản phẩm trang sức PNJSilver – đó sẽ là những kỷ vật ghi dấu ấn về một mùa Valentine 2015 bên nhau mà các cặp đôi không thể thiếu.</p>\r\n  <p> </p>\r\n  <p><strong><u>Box: </u>Thông tin cho bạn:</strong></p>\r\n  <p>-Hệ thống cửa hàng PNJSilver trên toàn quốc</p>\r\n  <p>-Hotline chăm sóc khách hàng: (08) 399 00 990 – 1800 545457</p>\r\n  <p>-Website: <a href="http://www.pnj.com.vn/">www.pnj.com.vn</a></p>\r\n</div>'),
(11, 'TT', 'images/TT/IMG_4028-e1447835481779.jpg', 'Diễn biến thị trường vàng ngày 18/11', '(PNJ) - Giá vàng miếng SJC niêm yết tại công ty CP Vàng bạc Đá quý Phú Nhuận (PNJ) sáng 18/11/2015 tại hai khu vực TP Hồ Chí Minh, Đà Nẵng tính đến 08h25 đang giao dịch ở cùng mức giá 33.080.000 (Mua vào) – 33.310.000 (Bán ra) đồng/lượng.', '<h1>Diễn biến thị trường vàng ngày 18/11</h1>\r\n18/11/2015\r\n<div>\r\n  <p><strong>(PNJ) – Mở phiên giao dịch sáng nay ngày 18/11/2015, giá vàng trên thị trường châu Á giảm mạnh và lui về mốc 1068,1 USD/oz, giảm 1,4% so với giá niêm yết mở phiên giao dịch ngày hôm qua. Giá vàng miếng SJC niêm yết tại công ty CP Vàng bạc Đá quý Phú Nhuận (PNJ) sáng 18/11/2015 tại hai khu vực TP Hồ Chí Minh, Đà Nẵng tính đến 08h25 đang giao dịch ở cùng mức giá 33.080.000 (Mua vào) – 33.310.000 (Bán ra) đồng/lượng.</strong></p>\r\n  <p>Tại thị trường Hà Nội, giá vàng miếng SJC đang được niêm yết tại công ty PNJ ở mức giá 33.250.000 (Mua vào) – 33.290.000 (Bán ra) đồng/lượng. Giá vàng miếng PNJ-ĐA được niêm yết ở cùng mức 30.100.000 (Mua vào) – 30.450.000 (Bán ra) đồng/lượng.</p>\r\n  <p><img alt="IMG_4028" height="400" src="images/TT/IMG_4028-e1447835481779.jpg" width="600"></p>\r\n  <p>Theo ghi nhận của công ty PNJ, thị trường vàng trong nước những ngày đầu tuần vừa qua đã có những chuyển biến tích cực hơn, giá vàng trong nước tăng nhẹ trong ngày hôm qua đã tiếp tục kích thích thị trường. Lượng giao dịch ghi nhận trong ngày hôm qua tiếp tục tăng hơn 50% so với ngày trước đó, tuy nhiên tỷ trọng khá chênh lệch khi lượng bán ra của người dân chiếm hơn 70%, điều náy xuất phát từ mức độ chênh lệch giá giữa thị trường vàng trong nước và thế giới đang ở mức khá cao (4,07 triệu đồng/lượng).</p>\r\n  <p><br>\r\n    Sáng nay, giá vàng mở phiên giao dịch trên thị trường thế giới giảm hơn 1% so với ngày trước đó và rơi xuống mốc thấp nhất của 6 năm qua. Các nhà phân tích cho rằng đây là hệ quả của áp lực bởi kỳ vọng rằng Hoa Kỳ sẽ tăng lãi suất trong tháng 12, và do đồng Đô la tăng giá và chứng khoán phục hồi tổn thất sau các cuộc tấn công hôm thứ Sáu ở Paris. </p>\r\n  <p><br>\r\n    Trên thực tế, đồng Euro đang trong trạng thái phòng thủ bên cạnh một đồng USD đang có khuynh hướng đi lên, song song đó chứng khoán trên thị trường thế giới đều đang có chiều hướng tích cực trước viễn cảnh tăng lãi suất của FED, điều này đã tiếp tục đẩy giá vàng lùi sâu so với những giai đoạn trước đây. Vàng giao ngay giảm 1% tại 1071,96 USD/oz, kim loại màu vàng đã giảm xuống 1065,18 USD, mức thấp nhất kể từ tháng 2/2010. Trong khi giá vàng giao tháng 12 giảm 1,4% tại 1.068,60 USD.</p>\r\n  <p><strong>Trần Đông Duy </strong></p>\r\n</div>\r\n<div></div>\r\n');
INSERT INTO `tintuc` (`idTin`, `idLoaiTin`, `anhDaiDien`, `tieuDe`, `tomTatnd`, `noiDungCT`) VALUES
(12, 'TT', 'images/TT/gold-9624-1447321694.jpg', 'Nhu cầu vàng thế giới cao nhất hơn 2 năm', 'Báo cáo của Hội đồng Vàng Thế giới (WGC) cho biết nhu cầu vàng toàn cầu trong quý III tăng vọt do đợt mất giá mạnh hồi tháng 7.', '\r\n<h1>Nhu cầu vàng thế giới cao nhất hơn 2 năm</h1>\r\n13/11/2015\r\n<div>\r\n  <p><strong>Báo cáo của Hội đồng Vàng Thế giới (WGC) cho biết nhu cầu vàng toàn cầu trong quý III tăng vọt do đợt mất giá mạnh hồi tháng 7.</strong></p>\r\n  <p>WGC hôm nay công bố báo cáo đánh giá nhu cầu vàng toàn cầu quý III. Đây là một phần trong khảo sát thường kỳ của WGC, số liệu đưa ra là dự tính trên nhu cầu mua bán trên thị trường, không căn cứ vào lượng vàng nhập khẩu thực tế của mỗi nước.</p>\r\n  <p><strong>Tại Việt Nam, WGC ước tính nhu cầu vàng trong quý III đạt 15 tấn, giảm 5% so với cùng kỳ năm ngoái. Trong đó, nhu cầu vàng trang sức là 3,5 tấn, tăng 31% và vàng đầu tư (thỏi, xu) là 11,5 tấn, giảm 13%.</strong></p>\r\n  <p>Trong nhóm nước khu vực châu Á được WGC thống kê (gồm Trung Quốc, Ấn Độ, Thái Lan, Nhật Bản, Indonesia, Hàn Quốc, Malaysia, Singapore, Việt Nam, Pakistan, Sri Lanka), Nhật Bản có nhu cầu vàng tăng mạnh nhất, với gần gấp 5 so với cùng kỳ năm ngoái. Giảm mạnh nhất là Malaysia với 23%.</p>\r\n  <p><img alt="Gold bracelets are on display as a woman makes choices at a jewellery showroom in Kolkata" height="341" src="images/TT/gold-9624-1447321694.jpg" width="500" /></p>\r\n  <p><em>Trang sức vàng được bày bán tại một cửa hàng ở Ấn Độ. Ảnh: Reuters</em></p>\r\n  <p><br />\r\n    Trên toàn cầu, nhu cầu vàng đã lên 1.121 tấn quý trước, tăng 8% so với cùng kỳ năm ngoái, và là cao nhất từ quý II/2013. Dù vậy, mức tăng này bị hạn chế phần nào do các quỹ đầu tư tăng bán ra.</p>\r\n  <p>Nhu cầu vàng thỏi và vàng xu tại Mỹ tăng hơn gấp 3, lên đỉnh 5 năm tại 32,7 tấn. Trong khi đó, nhu cầu này tại Trung Quốc tăng 70% và châu Âu tăng 35%. Hồi tháng 7, giá vàng giao ngay giảm tới hơn 6% – mạnh nhất hơn 2 năm và có lúc xuống thấp nhất từ 2008 tại 1.077 USD một ounce.</p>\r\n  <p>&ldquo;Giá vàng giảm chính là cơ hội mua vào với những người muốn tham gia thị trường và tăng nắm giữ kim loại quý. Những người sợ rủi ro sau khủng hoảng tài chính sẽ thích vàng thỏi và vàng xu. Với tâm lý này, khi giá giảm, họ sẽ coi đây là cơ hội tốt để mua vào&rdquo;, Alistair Hewitt – Giám đốc Nghiên cứu thị trường tại WGC cho biết trên Reuters.</p>\r\n  <p>Nhu cầu vàng tại châu Âu cũng tăng do lo ngại quanh tình hình tài chính Hy Lạp và căng thẳng địa chính trị tại đây. Trong khi đó, nhu cầu Trung Quốc tăng do đồng NDT giảm giá.</p>\r\n  <p><img alt="IMG_3903" height="333" src="images/TT/IMG_3903-e1447405070895.jpg" width="500" /></p>\r\n  <p><strong>Trang sức</strong> <strong>đóng góp lớn nhất vào tiêu thụ vàng nói chung</strong>. Quý trước, người dân Ấn Độ đã mua 211 tấn vàng trang sức, tăng 15% so với cùng kỳ năm ngoái. Trong khi đó, con số này tại Trung Quốc tăng 4% lên 203 tấn.</p>\r\n  <p>Lực mua tại nhiều thị trường chủ chốt nhỏ hơn, như Nga hay Thổ Nhĩ Kỳ, lại đi xuống. Nhu cầu trang sức của Thổ Nhĩ Kỳ giảm 29% xuống 12,1 tấn. Trong khi đó, con số này tại Nga giảm 19% xuống 13,5 tấn.</p>\r\n  <p>Trong quý III, ngân hàng trung ương các nước đã mua ròng 175 tấn. Đây là quý mua vào cao thứ nhì từ trước đến nay. Tuy nhiên, các quỹ ETF vàng lại tăng bán ra, với 65,9 tấn trong quý trước, tăng gần 30% so với cùng kỳ năm ngoái. Nguồn cung vàng thế giới tăng 1%, dù cả hoạt động khai thác và tái chế đều giảm.</p>\r\n  <p>Năm nay, WGC ước tính nhu cầu vàng toàn cầu đạt 4.200-4.300 tấn, gần bằng năm ngoái (4.217 tấn). Dù vậy, con số này vẫn là thấp nhất 4 năm.</p>\r\n  <p>Nhu cầu tại Trung Quốc được dự báo đạt 900-1.000 tấn cả năm. Trong khi đó, con số này của Ấn Độ chỉ còn 850-950 tấn. &ldquo;Ấn Độ đang gặp rắc rối với hạn hán. Nửa đầu năm, lượng mưa không đủ đã ảnh hưởng đến thu nhập của người dân, khiến nhu cầu vàng giảm mạnh hơn dự kiến&rdquo;, Hewitt nhận xét.</p>\r\n  <p><strong>Theo VNE</strong></p>\r\n</div>\r\n\r\n'),
(13, 'TT', 'images/TT/trung-phuc-sinh-5.jpg', 'Vì sao những quả trứng Fabergé lại khiến cả thế giới phải thèm muốn?', 'Những sản vật quý hiếm này không những đắt đỏ mà còn chứa đựng những hoài niệm lịch sử của Sa Hoàng. Vì thế các “thợ săn kho báu” không nề hà công cuộc tìm kiếm kéo dài hàng chục năm để “khai quật” được những quả trứng bị thất lạc trên khắp thế giới.\r\n', '\r\n<h1>Vì sao những quả trứng Fabergé lại khiến cả thế giới phải thèm muốn?</h1>\r\n27/10/2015\r\n<div>\r\n  <p><strong>Những sản vật quý hiếm này không những đắt đỏ mà còn chứa đựng những hoài niệm lịch sử của Sa Hoàng. Vì thế các &ldquo;thợ săn kho báu&rdquo; không nề hà công cuộc tìm kiếm kéo dài hàng chục năm để &ldquo;khai quật&rdquo; được những quả trứng bị thất lạc trên khắp thế giới. Hy vọng duy nhất chỉ là sự &ldquo;may mắn&rdquo;, bằng không bạn sẽ lãng phí cả cuộc đời mình!</strong></p>\r\n  <p><img alt="trung phuc sinh 1" height="327" src="images/TT/trung-phuc-sinh-1.jpg" width="600" /></p>\r\n  <p>Với những người theo Công giáo, lễ Phục sinh không chỉ là một lễ tôn vinh sự sống vĩnh hằng của Thiên Chúa mà còn là niềm tin vào sự tái sinh, hy vọng tốt đẹp cho con người. Nước Nga cũng vậy, họ thường tặng nhau những quả trứng Phục sinh mang biểu tượng của sự đổi mới, sung túc.</p>\r\n  <p>Từ thời Phục Hưng, những quả trứng này được thay thế bằng những quả trứng bằng vàng, hoặc kim loại đá quý trong các triều đại vua chúa mà đỉnh cao nhất là những thiết kế tinh xảo, đắt đỏ của nhà Fabergé dành cho triều đình Nga hoàng cuối thế kỷ 19.</p>\r\n  <p><strong>Vậy trứng Phục sinh Fabergé là gì?</strong></p>\r\n  <p>Đó là những quả trứng nghệ thuật được tạo ra bởi hãng kim hoàn trứ danh nhà Fabergé được thành lập từ 1842, bên trong chúng chứa đựng cả đại công trình tỉ mỉ đầy sáng tạo, bất ngờ dành cho hoàng gia Nga mỗi dịp Phục sinh.</p>\r\n  <p>Trong suốt những đời Nga hoàng, chỉ có 50 quả được hoàn thành, hiện tại 43 quả đã có chủ và 7 quả đang thất lạc rải rác khắp phương Tây với mức giá chưa bao giờ thấp hơn 1 triệu Euro. Đó là lý do tại sao các cuộc săn &ldquo;kho báu&rdquo; luôn gay cấn và dai dẳng chưa có hồi kết.</p>\r\n  <p> </p>\r\n  <p><img alt="trung phuc sinh 2" height="287" src="images/TT/trung-phuc-sinh-2.jpg" width="460" /></p>\r\n  <p><em>Trứng Vacheron Constantin của Hoàng hậu Maria Feodorovna được bán với giá 20 triệu euro hồi năm ngoái</em></p>\r\n  <p> </p>\r\n  <p>Ngoài trứng Hoàng gia, Fabergé làm thiết kế ra những bản sao theo các đơn đặt hàng khác. Thí dụ như tỷ phú Alexandre Kelch, nhà tư bản công nghiệp được biết như một người nắm giữ nhiều vàng nhất nước Nga, đã tặng cho vợ 7 quả trứng sao y trứng Hoàng gia nhưng bằng sứ màu đỏ từ năm 1898 cho tới 1904.</p>\r\n  <p>Hay hoàng tử Yusupov cũng đặt hàng quả trứng hình chiếc đồng hồ quả lắc làm vật trang trí xa xỉ. Bàn tay của người thợ kim hoàn này không chỉ gói gọn ở những quả trứng Phục sinh mà còn bao gồm những chiếc tàu thủy tí hon có thể chạy trên nước, những khung ảnh pha lê gắn lông vũ, thậm chí những cây kim đan len khảm vàng cho một nữ công tước…</p>\r\n  <p> </p>\r\n  <p><img alt="trung phuc sinh 3" height="402" src="images/TT/trung-phuc-sinh-3-e1445930574315.jpg" width="600" /></p>\r\n  <p><em>Nếu vặn đúng một chiếc chìa khóa vàng nằm ẩn trong lá, một chú chim họa mi sẽ nhảy ra hót líu lo, vẫy cánh và lắc lư. Trứng &ldquo;Cây nguyệt quế&rdquo; (Bay tree egg)</em></p>\r\n  <p><br />\r\n    Trứng Imperal Winter Egg cuối cùng được nhà Forbes bán với giá 9,6 triệu USD vào năm 2002. Trứng này Fabergé làm năm vua Nicolas II lên ngôi vào tháng 4 năm 1897, bên trong bày trí cỗ xe vua bằng vàng có gắn kim cương đá quý.</p>\r\n  <p><img alt="trung phuc sinh 4" height="450" src="images/TT/trung-phuc-sinh-4-e1445930632571.jpg" width="600" /></p>\r\n  <p><em>Trứng của Nicolas II đước bán với giá 9,6 triệu USD năm 2002</em></p>\r\n  <p><strong>Fabergé còn tồn tại đến ngày nay?</strong></p>\r\n  <p>Vào thời kỳ hoàng kim, Fabergé phải huy động hơn 500 thợ tay nghề chế tác trứng và cả những mẫu trang sức tinh xảo cho giới danh gia vọng tộc Châu Âu. Nhưng Sau Cách mạng Tháng Mười, năm 1918 công ty của Fabergé bị quốc hữu hoá, ông lưu vong khắp nơi từ Đức, Phần Lan và qua đời vào năm 1920 tại Thuỵ Sĩ.</p>\r\n  <p>Trải qua nhiều lần đổi chủ, đáng chú ý đến năm 1989, thương hiệu Fabergé được mua lại bởi tập đoàn Unilever với thương vụ lên đến 1,55 tỷ USD, sau đó được bán lại cho Pallinghurst Resources, một công ty khai thác mỏ có tiếng tại Nam Phi, dưới sự lèo lái của hai người cháu nhà Fabergé.</p>\r\n  <p>Tuy nhiên, nhằm thúc đẩy việc &ldquo;hồi sinh&rdquo; di sản trăm năm, Fabergé đã đầu quân về tập đoàn Gemfields. nơi sở hữu hầu hết các mỏ đá quý trên thế giới đã tạo tiền đề cho Fabergé tái sinh thành gã khổng lồ trên thị trường hàng xa xỉ và được công nhận trên toàn thế giới.</p>\r\n  <p>Gần đây, Fabergé đang đem những quả trứng Phục sinh mô phỏng của quá khứ lẫy lừng vào những chiếc vòng thời thượng. Chỉ có điều, nó được thu nhỏ và trở thành những mặt dây chuyền giá trị.</p>\r\n  <p><img alt="trung phuc sinh 5" height="548" src="images/TT/trung-phuc-sinh-5.jpg" width="500" /></p>\r\n  <p>Thế nhưng, người ta vẫn tìm thấy ở nó những giá trị hệt như quá khứ vang danh. Những quả trứng này không chỉ được làm bằng vàng, nạm kim cương, ruby… mà trên nó còn chứa đựng những hoa văn tinh xảo. Dĩ nhiên, giá của nó không hề rẻ, trên dưới 10.000 USD. Nhưng chỉ cái tên Fabergé cũng đã đủ để khiến giới sành điệu mất tiền vì nó.</p>\r\n  <p><strong>Trứng Hoàng Gia đầu tiên là &ldquo;Hen Egg&rdquo; năm 1885?</strong></p>\r\n  <p><img alt="trung phuc sinh 6" height="417" src="images/TT/trung-phuc-sinh-6-e1445930731872.jpg" width="600" /><br />\r\n    <em>&ldquo;Trứng gà mẹ&rdquo; (Hen Egg 1885) được Nga hoàng Alexander đệ Tam giành tặng cho Hoàng hậu Maria Fedorovna nhân dịp kỷ niệm 20 năm ngày cưới</em></p>\r\n  <p>Hẳn bạn sẽ thấy Hen Egg là quả trứng đơn giản nhất trong bộ sưu tập với bề mặt bằng phẳng, có thể tách hai nửa và được phủ men trắng giống như vỏ trứng gà thật. Trông chúng chẳng có vẻ chứa đựng bất kì thú vị nào bên trong cả..</p>\r\n  <p>Nhưng ngạc nhiên chưa! Khi tách quả trứng để lộ ra một lòng đỏ trứng bằng vàng. Lòng đỏ lại mở ra để lộ một chú gà vàng dát ngọc với đôi mắt đính hồng ngọc. Bên trong chú gà lại có hai điều kinh ngạc nữa: một vương miện tí hon bằng kim cương, và một sợi dây chuyền mặt hồng ngọc.</p>\r\n  <p>Đi từ ngạc nhiên này đến ngạc nhiên khác, hẳn hoàng hậu sẽ vui sướng biết bao với quả trứng kỳ diệu đó. Đáng buồn thay, những món quà bên trong đó đã mất tích nhiều năm trước với những lời đồn đoán hư ảo từ giới săn &ldquo;kho báu&rdquo;.</p>\r\n  <p><strong>Ai đang nắm giữ Trứng Hoàng Gia?</strong></p>\r\n  <p>Những quả trứng phù hoa của Fabergé vẫn luôn là thứ thiêu cháy các buổi đấu giá nhà Christie&rsquo;s hay Sotheby&rsquo;s. Hiện nay, các chủ sở hữu lớn nhất là bảo tàng lịch sử Armoury Kremlin ở Moscow với 10 trứng, còn lại nằm rải rác tại các bảo tàng Mỹ, bảo tàng Mỹ thuật Virginia được cống tặng 5 trứng từ vợ một doanh nhân Mỹ giàu có, Lillian Thomas Pratt.</p>\r\n  <p>Ngoài ra, 3 trứng được bảo quản tại bảo tàng Hoàng gia Nga, số còn lại hoặc được sưu tầm rải rác hoặc còn thất lạc ở nhiều nơi trên thế giới.</p>\r\n  <p><img alt="trung phuc sinh 7" height="500" src="images/TT/trung-phuc-sinh-7.jpg" width="557" /></p>\r\n  <p><em>Một &ldquo;Mosaic Egg&rdquo; trong bảo tàng Hoàng Gia với thiết kế phủ khắp ruby và kim cương, bên trong là chiếc huy chương ngà voi được khắc chân dung 5 người con của Sa hoàng Nicholas II và Tsarina Alexandra</em></p>\r\n  <p>Khi chiêm ngưỡng những quả trứng Hoàng gia, một phần trong ta choáng ngợp bởi sự hào hoa tráng lệ của kim cương, đá quý, một phần khâm phục kỹ xảo chế tác trứng vượt xa cả công nghệ chế tác kim hoàn hiện nay.</p>\r\n  <p>Fabergé đã kết hợp hoàn hảo giữa nghệ thuật và sự tài hoa, khéo léo làm nên tên tuổi không-thể-lu-mờ của ông đễn mãi sau này. Nhưng đối với rất nhiều người, trứng Fabergé còn gắn liền với bi kịch số phận của nhà Romanov. Chúng biểu tượng cho sự hưởng thụ quá độ – một phần dẫn tới sự diệt vong của triều đại Nga hoàng và kết thúc sự trị vì của nhà Romanov kéo dài 300 năm.</p>\r\n  <p><strong>Hoàng Hà<br />\r\n    Theo Trí Thức Trẻ</strong></p>\r\n</div>\r\n');

--
-- Constraints for dumped tables
--

--
-- Constraints for table `chitietdonhang`
--
ALTER TABLE `chitietdonhang`
  ADD CONSTRAINT `chitietdonhang_ibfk_1` FOREIGN KEY (`MaHoaDon`) REFERENCES `donhang` (`MaHoaDon`) ON UPDATE CASCADE,
  ADD CONSTRAINT `chitietdonhang_ibfk_2` FOREIGN KEY (`MaSanPham`) REFERENCES `sanpham` (`Masanpham`) ON UPDATE CASCADE;

--
-- Constraints for table `donhang`
--
ALTER TABLE `donhang`
  ADD CONSTRAINT `donhang_ibfk_1` FOREIGN KEY (`MaKH`) REFERENCES `khachhang` (`MaKH`) ON UPDATE CASCADE;

--
-- Constraints for table `khuyenmai`
--
ALTER TABLE `khuyenmai`
  ADD CONSTRAINT `khuyenmai_ibfk_1` FOREIGN KEY (`MaSanPham`) REFERENCES `sanpham` (`Masanpham`) ON UPDATE CASCADE;

--
-- Constraints for table `loaisanpham`
--
ALTER TABLE `loaisanpham`
  ADD CONSTRAINT `loaisanpham_ibfk_1` FOREIGN KEY (`idTen`) REFERENCES `danhmucsanpham` (`idTen`) ON UPDATE CASCADE;

--
-- Constraints for table `sanpham`
--
ALTER TABLE `sanpham`
  ADD CONSTRAINT `sanpham_ibfk_1` FOREIGN KEY (`MaLoai`) REFERENCES `loaisanpham` (`MaLoai`) ON UPDATE CASCADE,
  ADD CONSTRAINT `sanpham_ibfk_2` FOREIGN KEY (`MaNCC`) REFERENCES `nhacungcap` (`MaNCC`) ON UPDATE CASCADE;

--
-- Constraints for table `tintuc`
--
ALTER TABLE `tintuc`
  ADD CONSTRAINT `tintuc_ibfk_1` FOREIGN KEY (`idLoaiTin`) REFERENCES `loaitin` (`idLoaiTin`) ON UPDATE CASCADE;

/*!40101 SET CHARACTER_SET_CLIENT=@OLD_CHARACTER_SET_CLIENT */;
/*!40101 SET CHARACTER_SET_RESULTS=@OLD_CHARACTER_SET_RESULTS */;
/*!40101 SET COLLATION_CONNECTION=@OLD_COLLATION_CONNECTION */;
